#
# TABLE STRUCTURE FOR: media
#

DROP TABLE IF EXISTS `media`;

CREATE TABLE `media` (
  `id` int(10) unsigned NOT NULL AUTO_INCREMENT COMMENT 'Идентификатор строки',
  `user_id` int(10) unsigned NOT NULL COMMENT 'Ссылка на пользователя, который загрузил файл',
  `filename` varchar(255) COLLATE utf8_unicode_ci NOT NULL COMMENT 'Путь к файлу',
  `size` int(11) NOT NULL COMMENT 'Размер файла',
  `metadata` longtext CHARACTER SET utf8mb4 COLLATE utf8mb4_bin DEFAULT NULL COMMENT 'Метаданные файла' CHECK (json_valid(`metadata`)),
  `media_type_id` int(10) unsigned NOT NULL COMMENT 'Ссылка на тип контента',
  `created_at` datetime DEFAULT current_timestamp() COMMENT 'Время создания строки',
  `updated_at` datetime DEFAULT current_timestamp() ON UPDATE current_timestamp() COMMENT 'Время обновления строки',
  PRIMARY KEY (`id`)
) ENGINE=InnoDB AUTO_INCREMENT=201 DEFAULT CHARSET=utf8 COLLATE=utf8_unicode_ci COMMENT='Медиафайлы';

INSERT INTO `media` (`id`, `user_id`, `filename`, `size`, `metadata`, `media_type_id`, `created_at`, `updated_at`) VALUES (1, 75, 'eligendi', 811508219, NULL, 0, '1975-03-07 06:27:40', '1999-05-03 22:09:26');
INSERT INTO `media` (`id`, `user_id`, `filename`, `size`, `metadata`, `media_type_id`, `created_at`, `updated_at`) VALUES (2, 68, 'repellendus', 92195560, NULL, 0, '1985-09-21 14:07:30', '1978-12-20 11:20:47');
INSERT INTO `media` (`id`, `user_id`, `filename`, `size`, `metadata`, `media_type_id`, `created_at`, `updated_at`) VALUES (3, 114, 'deleniti', 1210504, NULL, 0, '2000-01-06 02:37:49', '1987-11-07 22:28:48');
INSERT INTO `media` (`id`, `user_id`, `filename`, `size`, `metadata`, `media_type_id`, `created_at`, `updated_at`) VALUES (4, 45, 'vel', 93, NULL, 0, '2003-02-07 16:25:41', '1974-04-19 10:32:55');
INSERT INTO `media` (`id`, `user_id`, `filename`, `size`, `metadata`, `media_type_id`, `created_at`, `updated_at`) VALUES (5, 51, 'error', 38282, NULL, 0, '2017-09-19 03:03:28', '1998-01-15 13:53:27');
INSERT INTO `media` (`id`, `user_id`, `filename`, `size`, `metadata`, `media_type_id`, `created_at`, `updated_at`) VALUES (6, 91, 'qui', 53512505, NULL, 0, '2017-12-17 17:39:58', '2006-02-19 19:59:30');
INSERT INTO `media` (`id`, `user_id`, `filename`, `size`, `metadata`, `media_type_id`, `created_at`, `updated_at`) VALUES (7, 77, 'magnam', 684, NULL, 0, '2009-04-25 02:22:31', '1990-05-08 13:37:25');
INSERT INTO `media` (`id`, `user_id`, `filename`, `size`, `metadata`, `media_type_id`, `created_at`, `updated_at`) VALUES (8, 50, 'aliquid', 19223759, NULL, 0, '1991-04-09 13:35:55', '1984-11-23 00:24:20');
INSERT INTO `media` (`id`, `user_id`, `filename`, `size`, `metadata`, `media_type_id`, `created_at`, `updated_at`) VALUES (9, 28, 'reprehenderit', 0, NULL, 0, '2017-01-08 19:26:22', '2015-02-23 22:35:27');
INSERT INTO `media` (`id`, `user_id`, `filename`, `size`, `metadata`, `media_type_id`, `created_at`, `updated_at`) VALUES (10, 20, 'sed', 9, NULL, 0, '1995-08-22 06:39:20', '2010-07-18 01:08:33');
INSERT INTO `media` (`id`, `user_id`, `filename`, `size`, `metadata`, `media_type_id`, `created_at`, `updated_at`) VALUES (11, 45, 'ipsam', 822338, NULL, 0, '1995-04-16 18:13:00', '1975-05-10 06:16:59');
INSERT INTO `media` (`id`, `user_id`, `filename`, `size`, `metadata`, `media_type_id`, `created_at`, `updated_at`) VALUES (12, 23, 'dolor', 75667013, NULL, 0, '1975-10-13 14:33:07', '1980-04-28 11:46:39');
INSERT INTO `media` (`id`, `user_id`, `filename`, `size`, `metadata`, `media_type_id`, `created_at`, `updated_at`) VALUES (13, 40, 'esse', 180561109, NULL, 0, '2001-08-07 01:04:07', '1977-06-17 03:09:35');
INSERT INTO `media` (`id`, `user_id`, `filename`, `size`, `metadata`, `media_type_id`, `created_at`, `updated_at`) VALUES (14, 104, 'aut', 851, NULL, 0, '2014-12-24 09:57:42', '1987-02-25 11:52:49');
INSERT INTO `media` (`id`, `user_id`, `filename`, `size`, `metadata`, `media_type_id`, `created_at`, `updated_at`) VALUES (15, 101, 'ut', 5832, NULL, 0, '1988-10-09 22:49:00', '1972-03-02 03:08:43');
INSERT INTO `media` (`id`, `user_id`, `filename`, `size`, `metadata`, `media_type_id`, `created_at`, `updated_at`) VALUES (16, 140, 'assumenda', 95, NULL, 0, '1975-12-31 04:31:58', '1980-10-12 09:58:27');
INSERT INTO `media` (`id`, `user_id`, `filename`, `size`, `metadata`, `media_type_id`, `created_at`, `updated_at`) VALUES (17, 39, 'optio', 542663827, NULL, 0, '1978-06-25 02:03:57', '2003-03-06 01:44:10');
INSERT INTO `media` (`id`, `user_id`, `filename`, `size`, `metadata`, `media_type_id`, `created_at`, `updated_at`) VALUES (18, 19, 'sit', 1, NULL, 0, '1972-06-13 01:45:49', '1981-06-23 22:55:20');
INSERT INTO `media` (`id`, `user_id`, `filename`, `size`, `metadata`, `media_type_id`, `created_at`, `updated_at`) VALUES (19, 80, 'recusandae', 87491, NULL, 0, '1970-07-25 01:44:27', '1973-09-22 09:17:28');
INSERT INTO `media` (`id`, `user_id`, `filename`, `size`, `metadata`, `media_type_id`, `created_at`, `updated_at`) VALUES (20, 115, 'repudiandae', 68, NULL, 0, '1983-10-15 14:51:04', '2008-08-26 17:35:35');
INSERT INTO `media` (`id`, `user_id`, `filename`, `size`, `metadata`, `media_type_id`, `created_at`, `updated_at`) VALUES (21, 148, 'est', 7, NULL, 0, '1999-07-10 12:24:31', '1996-05-30 00:57:06');
INSERT INTO `media` (`id`, `user_id`, `filename`, `size`, `metadata`, `media_type_id`, `created_at`, `updated_at`) VALUES (22, 65, 'amet', 4165325, NULL, 0, '1992-08-25 01:21:59', '1989-07-31 23:44:15');
INSERT INTO `media` (`id`, `user_id`, `filename`, `size`, `metadata`, `media_type_id`, `created_at`, `updated_at`) VALUES (23, 26, 'omnis', 4637816, NULL, 0, '1992-01-11 02:28:19', '1999-09-06 23:30:42');
INSERT INTO `media` (`id`, `user_id`, `filename`, `size`, `metadata`, `media_type_id`, `created_at`, `updated_at`) VALUES (24, 110, 'quas', 5, NULL, 0, '1984-09-29 18:42:29', '1995-01-01 18:16:30');
INSERT INTO `media` (`id`, `user_id`, `filename`, `size`, `metadata`, `media_type_id`, `created_at`, `updated_at`) VALUES (25, 113, 'magnam', 340871034, NULL, 0, '1983-04-24 04:36:59', '2001-11-25 14:02:53');
INSERT INTO `media` (`id`, `user_id`, `filename`, `size`, `metadata`, `media_type_id`, `created_at`, `updated_at`) VALUES (26, 106, 'ut', 71813, NULL, 0, '2016-07-12 09:26:27', '2008-07-10 05:25:45');
INSERT INTO `media` (`id`, `user_id`, `filename`, `size`, `metadata`, `media_type_id`, `created_at`, `updated_at`) VALUES (27, 144, 'quo', 51, NULL, 0, '2009-08-09 13:48:42', '1980-07-21 14:52:55');
INSERT INTO `media` (`id`, `user_id`, `filename`, `size`, `metadata`, `media_type_id`, `created_at`, `updated_at`) VALUES (28, 125, 'minima', 50781, NULL, 0, '2017-11-23 13:20:18', '2018-04-16 16:06:22');
INSERT INTO `media` (`id`, `user_id`, `filename`, `size`, `metadata`, `media_type_id`, `created_at`, `updated_at`) VALUES (29, 79, 'maiores', 95, NULL, 0, '1970-10-21 08:34:54', '2014-03-21 20:41:00');
INSERT INTO `media` (`id`, `user_id`, `filename`, `size`, `metadata`, `media_type_id`, `created_at`, `updated_at`) VALUES (30, 139, 'et', 6, NULL, 0, '1999-03-28 20:14:42', '1980-06-07 17:41:19');
INSERT INTO `media` (`id`, `user_id`, `filename`, `size`, `metadata`, `media_type_id`, `created_at`, `updated_at`) VALUES (31, 68, 'illum', 55, NULL, 0, '2020-08-24 13:34:44', '1993-05-17 20:48:36');
INSERT INTO `media` (`id`, `user_id`, `filename`, `size`, `metadata`, `media_type_id`, `created_at`, `updated_at`) VALUES (32, 131, 'consequatur', 0, NULL, 0, '1986-04-25 04:43:30', '2002-10-27 13:23:45');
INSERT INTO `media` (`id`, `user_id`, `filename`, `size`, `metadata`, `media_type_id`, `created_at`, `updated_at`) VALUES (33, 3, 'quia', 72364, NULL, 0, '1995-11-10 20:35:04', '2005-01-15 07:35:55');
INSERT INTO `media` (`id`, `user_id`, `filename`, `size`, `metadata`, `media_type_id`, `created_at`, `updated_at`) VALUES (34, 130, 'dolore', 74875358, NULL, 0, '1972-01-25 12:52:20', '2003-03-01 23:25:19');
INSERT INTO `media` (`id`, `user_id`, `filename`, `size`, `metadata`, `media_type_id`, `created_at`, `updated_at`) VALUES (35, 76, 'aperiam', 6, NULL, 0, '2003-07-12 19:37:01', '1992-07-20 04:43:03');
INSERT INTO `media` (`id`, `user_id`, `filename`, `size`, `metadata`, `media_type_id`, `created_at`, `updated_at`) VALUES (36, 57, 'rem', 12085501, NULL, 0, '1971-06-19 11:43:16', '2016-02-21 00:26:04');
INSERT INTO `media` (`id`, `user_id`, `filename`, `size`, `metadata`, `media_type_id`, `created_at`, `updated_at`) VALUES (37, 126, 'fugit', 324906, NULL, 0, '2008-11-19 22:55:39', '2013-06-04 16:07:17');
INSERT INTO `media` (`id`, `user_id`, `filename`, `size`, `metadata`, `media_type_id`, `created_at`, `updated_at`) VALUES (38, 20, 'consequuntur', 6092, NULL, 0, '1996-01-05 16:30:57', '1990-01-15 00:30:59');
INSERT INTO `media` (`id`, `user_id`, `filename`, `size`, `metadata`, `media_type_id`, `created_at`, `updated_at`) VALUES (39, 73, 'similique', 81, NULL, 0, '1985-12-21 12:45:24', '2016-09-28 03:02:42');
INSERT INTO `media` (`id`, `user_id`, `filename`, `size`, `metadata`, `media_type_id`, `created_at`, `updated_at`) VALUES (40, 84, 'dignissimos', 6307, NULL, 0, '2000-07-12 13:16:21', '1985-07-14 09:38:35');
INSERT INTO `media` (`id`, `user_id`, `filename`, `size`, `metadata`, `media_type_id`, `created_at`, `updated_at`) VALUES (41, 32, 'et', 56403609, NULL, 0, '2012-07-05 16:11:27', '1997-03-27 23:54:20');
INSERT INTO `media` (`id`, `user_id`, `filename`, `size`, `metadata`, `media_type_id`, `created_at`, `updated_at`) VALUES (42, 50, 'officia', 6865, NULL, 0, '1982-03-15 21:26:10', '1979-10-27 01:59:17');
INSERT INTO `media` (`id`, `user_id`, `filename`, `size`, `metadata`, `media_type_id`, `created_at`, `updated_at`) VALUES (43, 138, 'fuga', 687169, NULL, 0, '1972-11-20 00:07:57', '1986-07-12 12:52:24');
INSERT INTO `media` (`id`, `user_id`, `filename`, `size`, `metadata`, `media_type_id`, `created_at`, `updated_at`) VALUES (44, 113, 'quo', 6, NULL, 0, '2014-07-04 03:38:51', '2015-04-06 10:54:04');
INSERT INTO `media` (`id`, `user_id`, `filename`, `size`, `metadata`, `media_type_id`, `created_at`, `updated_at`) VALUES (45, 51, 'eveniet', 98297, NULL, 0, '1992-12-31 17:56:45', '1983-07-24 06:31:10');
INSERT INTO `media` (`id`, `user_id`, `filename`, `size`, `metadata`, `media_type_id`, `created_at`, `updated_at`) VALUES (46, 9, 'ipsum', 3, NULL, 0, '1970-12-28 08:00:51', '1989-07-14 04:22:59');
INSERT INTO `media` (`id`, `user_id`, `filename`, `size`, `metadata`, `media_type_id`, `created_at`, `updated_at`) VALUES (47, 76, 'reiciendis', 0, NULL, 0, '1996-07-24 18:10:24', '1977-04-28 13:15:27');
INSERT INTO `media` (`id`, `user_id`, `filename`, `size`, `metadata`, `media_type_id`, `created_at`, `updated_at`) VALUES (48, 105, 'doloribus', 1394, NULL, 0, '2000-04-15 11:13:48', '1995-07-11 00:22:20');
INSERT INTO `media` (`id`, `user_id`, `filename`, `size`, `metadata`, `media_type_id`, `created_at`, `updated_at`) VALUES (49, 133, 'temporibus', 14160074, NULL, 0, '2018-11-20 18:36:15', '1996-01-25 03:33:19');
INSERT INTO `media` (`id`, `user_id`, `filename`, `size`, `metadata`, `media_type_id`, `created_at`, `updated_at`) VALUES (50, 22, 'saepe', 821, NULL, 0, '1974-03-03 12:49:46', '1987-07-28 07:00:46');
INSERT INTO `media` (`id`, `user_id`, `filename`, `size`, `metadata`, `media_type_id`, `created_at`, `updated_at`) VALUES (51, 86, 'ratione', 5532779, NULL, 0, '1979-05-26 02:11:13', '2016-08-19 23:52:33');
INSERT INTO `media` (`id`, `user_id`, `filename`, `size`, `metadata`, `media_type_id`, `created_at`, `updated_at`) VALUES (52, 133, 'veniam', 80072183, NULL, 0, '1996-07-17 19:08:43', '1991-08-30 01:40:35');
INSERT INTO `media` (`id`, `user_id`, `filename`, `size`, `metadata`, `media_type_id`, `created_at`, `updated_at`) VALUES (53, 2, 'qui', 6, NULL, 0, '1981-04-15 03:01:43', '1989-07-01 12:06:18');
INSERT INTO `media` (`id`, `user_id`, `filename`, `size`, `metadata`, `media_type_id`, `created_at`, `updated_at`) VALUES (54, 150, 'sed', 4784, NULL, 0, '1973-10-02 23:05:31', '2002-08-30 13:17:37');
INSERT INTO `media` (`id`, `user_id`, `filename`, `size`, `metadata`, `media_type_id`, `created_at`, `updated_at`) VALUES (55, 52, 'neque', 319, NULL, 0, '1993-05-29 19:08:37', '1970-07-05 02:52:24');
INSERT INTO `media` (`id`, `user_id`, `filename`, `size`, `metadata`, `media_type_id`, `created_at`, `updated_at`) VALUES (56, 116, 'consequatur', 52, NULL, 0, '1978-01-17 16:51:22', '1996-01-10 20:47:51');
INSERT INTO `media` (`id`, `user_id`, `filename`, `size`, `metadata`, `media_type_id`, `created_at`, `updated_at`) VALUES (57, 39, 'qui', 42, NULL, 0, '1976-11-02 18:34:04', '1990-06-01 00:29:26');
INSERT INTO `media` (`id`, `user_id`, `filename`, `size`, `metadata`, `media_type_id`, `created_at`, `updated_at`) VALUES (58, 101, 'ducimus', 69824, NULL, 0, '1974-12-27 01:17:26', '1983-06-12 00:03:15');
INSERT INTO `media` (`id`, `user_id`, `filename`, `size`, `metadata`, `media_type_id`, `created_at`, `updated_at`) VALUES (59, 130, 'voluptate', 515, NULL, 0, '2000-05-26 15:29:14', '2001-04-08 05:02:46');
INSERT INTO `media` (`id`, `user_id`, `filename`, `size`, `metadata`, `media_type_id`, `created_at`, `updated_at`) VALUES (60, 140, 'facere', 12882835, NULL, 0, '1985-04-09 01:40:33', '1980-12-18 16:19:49');
INSERT INTO `media` (`id`, `user_id`, `filename`, `size`, `metadata`, `media_type_id`, `created_at`, `updated_at`) VALUES (61, 28, 'eum', 128823, NULL, 0, '2002-09-14 16:58:19', '1997-03-22 15:17:51');
INSERT INTO `media` (`id`, `user_id`, `filename`, `size`, `metadata`, `media_type_id`, `created_at`, `updated_at`) VALUES (62, 50, 'ratione', 7284, NULL, 0, '1989-11-21 03:06:27', '2015-11-25 13:07:37');
INSERT INTO `media` (`id`, `user_id`, `filename`, `size`, `metadata`, `media_type_id`, `created_at`, `updated_at`) VALUES (63, 145, 'neque', 9835999, NULL, 0, '2016-08-16 20:13:53', '1973-09-09 16:01:39');
INSERT INTO `media` (`id`, `user_id`, `filename`, `size`, `metadata`, `media_type_id`, `created_at`, `updated_at`) VALUES (64, 103, 'quis', 813, NULL, 0, '1984-08-21 16:42:13', '2020-05-31 01:42:48');
INSERT INTO `media` (`id`, `user_id`, `filename`, `size`, `metadata`, `media_type_id`, `created_at`, `updated_at`) VALUES (65, 44, 'est', 439286, NULL, 0, '2003-04-17 13:12:41', '2007-03-06 21:40:59');
INSERT INTO `media` (`id`, `user_id`, `filename`, `size`, `metadata`, `media_type_id`, `created_at`, `updated_at`) VALUES (66, 60, 'tempora', 884379763, NULL, 0, '1974-02-23 01:01:39', '2007-10-25 12:50:42');
INSERT INTO `media` (`id`, `user_id`, `filename`, `size`, `metadata`, `media_type_id`, `created_at`, `updated_at`) VALUES (67, 132, 'amet', 8, NULL, 0, '1975-06-18 11:13:45', '2007-11-11 06:11:42');
INSERT INTO `media` (`id`, `user_id`, `filename`, `size`, `metadata`, `media_type_id`, `created_at`, `updated_at`) VALUES (68, 36, 'perspiciatis', 2, NULL, 0, '1998-06-17 13:29:27', '1988-12-27 05:05:51');
INSERT INTO `media` (`id`, `user_id`, `filename`, `size`, `metadata`, `media_type_id`, `created_at`, `updated_at`) VALUES (69, 112, 'quis', 39878, NULL, 0, '2009-02-01 16:21:22', '2003-06-26 03:38:44');
INSERT INTO `media` (`id`, `user_id`, `filename`, `size`, `metadata`, `media_type_id`, `created_at`, `updated_at`) VALUES (70, 109, 'autem', 143, NULL, 0, '1984-02-22 15:26:13', '1975-08-02 16:58:52');
INSERT INTO `media` (`id`, `user_id`, `filename`, `size`, `metadata`, `media_type_id`, `created_at`, `updated_at`) VALUES (71, 9, 'dignissimos', 13907, NULL, 0, '1995-03-06 17:16:34', '2003-11-05 19:52:55');
INSERT INTO `media` (`id`, `user_id`, `filename`, `size`, `metadata`, `media_type_id`, `created_at`, `updated_at`) VALUES (72, 148, 'nam', 4, NULL, 0, '2006-08-04 22:56:19', '1978-07-20 05:43:36');
INSERT INTO `media` (`id`, `user_id`, `filename`, `size`, `metadata`, `media_type_id`, `created_at`, `updated_at`) VALUES (73, 119, 'eos', 452247, NULL, 0, '2014-12-18 15:43:09', '1985-03-30 06:47:09');
INSERT INTO `media` (`id`, `user_id`, `filename`, `size`, `metadata`, `media_type_id`, `created_at`, `updated_at`) VALUES (74, 55, 'pariatur', 9835, NULL, 0, '2011-01-15 22:58:23', '1989-10-27 14:36:38');
INSERT INTO `media` (`id`, `user_id`, `filename`, `size`, `metadata`, `media_type_id`, `created_at`, `updated_at`) VALUES (75, 139, 'repellendus', 5, NULL, 0, '1980-12-01 14:43:27', '1980-11-02 09:39:31');
INSERT INTO `media` (`id`, `user_id`, `filename`, `size`, `metadata`, `media_type_id`, `created_at`, `updated_at`) VALUES (76, 100, 'ex', 200813, NULL, 0, '1997-05-01 14:43:13', '1996-05-21 11:25:38');
INSERT INTO `media` (`id`, `user_id`, `filename`, `size`, `metadata`, `media_type_id`, `created_at`, `updated_at`) VALUES (77, 51, 'quia', 767420, NULL, 0, '2016-01-02 09:57:13', '2019-08-22 11:22:44');
INSERT INTO `media` (`id`, `user_id`, `filename`, `size`, `metadata`, `media_type_id`, `created_at`, `updated_at`) VALUES (78, 37, 'rerum', 9160341, NULL, 0, '2003-09-03 05:31:49', '1991-03-08 03:05:55');
INSERT INTO `media` (`id`, `user_id`, `filename`, `size`, `metadata`, `media_type_id`, `created_at`, `updated_at`) VALUES (79, 122, 'reprehenderit', 458228533, NULL, 0, '1980-02-22 20:52:58', '2007-06-15 17:35:01');
INSERT INTO `media` (`id`, `user_id`, `filename`, `size`, `metadata`, `media_type_id`, `created_at`, `updated_at`) VALUES (80, 5, 'facere', 434596019, NULL, 0, '1979-03-10 10:43:02', '2005-10-22 00:42:20');
INSERT INTO `media` (`id`, `user_id`, `filename`, `size`, `metadata`, `media_type_id`, `created_at`, `updated_at`) VALUES (81, 74, 'omnis', 0, NULL, 0, '2017-06-13 18:14:35', '2015-09-11 00:56:31');
INSERT INTO `media` (`id`, `user_id`, `filename`, `size`, `metadata`, `media_type_id`, `created_at`, `updated_at`) VALUES (82, 129, 'nulla', 3539151, NULL, 0, '1993-01-27 17:22:30', '1970-06-21 11:41:31');
INSERT INTO `media` (`id`, `user_id`, `filename`, `size`, `metadata`, `media_type_id`, `created_at`, `updated_at`) VALUES (83, 61, 'est', 774905898, NULL, 0, '1976-08-23 04:18:53', '2008-10-14 08:15:26');
INSERT INTO `media` (`id`, `user_id`, `filename`, `size`, `metadata`, `media_type_id`, `created_at`, `updated_at`) VALUES (84, 76, 'dolores', 58439346, NULL, 0, '2010-05-13 20:25:29', '2016-09-17 09:04:14');
INSERT INTO `media` (`id`, `user_id`, `filename`, `size`, `metadata`, `media_type_id`, `created_at`, `updated_at`) VALUES (85, 66, 'nesciunt', 181450, NULL, 0, '2009-06-07 20:16:27', '1987-01-26 03:11:30');
INSERT INTO `media` (`id`, `user_id`, `filename`, `size`, `metadata`, `media_type_id`, `created_at`, `updated_at`) VALUES (86, 63, 'tenetur', 21310923, NULL, 0, '2019-10-05 00:24:26', '1995-09-19 12:55:58');
INSERT INTO `media` (`id`, `user_id`, `filename`, `size`, `metadata`, `media_type_id`, `created_at`, `updated_at`) VALUES (87, 132, 'occaecati', 89, NULL, 0, '1971-08-08 08:47:07', '1999-11-09 13:19:26');
INSERT INTO `media` (`id`, `user_id`, `filename`, `size`, `metadata`, `media_type_id`, `created_at`, `updated_at`) VALUES (88, 133, 'distinctio', 126, NULL, 0, '2001-10-03 14:35:31', '2000-07-05 12:59:44');
INSERT INTO `media` (`id`, `user_id`, `filename`, `size`, `metadata`, `media_type_id`, `created_at`, `updated_at`) VALUES (89, 140, 'tenetur', 4, NULL, 0, '1978-02-02 05:06:07', '1978-03-22 02:12:56');
INSERT INTO `media` (`id`, `user_id`, `filename`, `size`, `metadata`, `media_type_id`, `created_at`, `updated_at`) VALUES (90, 56, 'maxime', 534, NULL, 0, '1984-07-18 01:54:31', '1994-03-14 05:48:56');
INSERT INTO `media` (`id`, `user_id`, `filename`, `size`, `metadata`, `media_type_id`, `created_at`, `updated_at`) VALUES (91, 145, 'deleniti', 52581, NULL, 0, '1976-05-17 22:29:20', '2003-01-07 03:46:56');
INSERT INTO `media` (`id`, `user_id`, `filename`, `size`, `metadata`, `media_type_id`, `created_at`, `updated_at`) VALUES (92, 63, 'eos', 866, NULL, 0, '2015-03-31 21:22:19', '1981-07-10 05:07:16');
INSERT INTO `media` (`id`, `user_id`, `filename`, `size`, `metadata`, `media_type_id`, `created_at`, `updated_at`) VALUES (93, 13, 'maiores', 772202847, NULL, 0, '2015-04-17 02:12:29', '1971-10-31 23:56:59');
INSERT INTO `media` (`id`, `user_id`, `filename`, `size`, `metadata`, `media_type_id`, `created_at`, `updated_at`) VALUES (94, 15, 'commodi', 77, NULL, 0, '1990-01-21 15:25:07', '1971-11-17 20:09:00');
INSERT INTO `media` (`id`, `user_id`, `filename`, `size`, `metadata`, `media_type_id`, `created_at`, `updated_at`) VALUES (95, 72, 'fuga', 908380706, NULL, 0, '1983-02-04 09:06:10', '1986-01-19 17:39:52');
INSERT INTO `media` (`id`, `user_id`, `filename`, `size`, `metadata`, `media_type_id`, `created_at`, `updated_at`) VALUES (96, 10, 'ut', 93601178, NULL, 0, '2015-10-16 16:13:15', '1978-12-05 02:30:53');
INSERT INTO `media` (`id`, `user_id`, `filename`, `size`, `metadata`, `media_type_id`, `created_at`, `updated_at`) VALUES (97, 1, 'sapiente', 7216, NULL, 0, '1976-02-06 06:16:38', '2012-06-22 10:41:44');
INSERT INTO `media` (`id`, `user_id`, `filename`, `size`, `metadata`, `media_type_id`, `created_at`, `updated_at`) VALUES (98, 29, 'aperiam', 74, NULL, 0, '1979-05-18 10:25:40', '2011-02-26 23:05:18');
INSERT INTO `media` (`id`, `user_id`, `filename`, `size`, `metadata`, `media_type_id`, `created_at`, `updated_at`) VALUES (99, 11, 'alias', 799, NULL, 0, '1994-06-24 10:25:30', '1997-10-29 13:22:11');
INSERT INTO `media` (`id`, `user_id`, `filename`, `size`, `metadata`, `media_type_id`, `created_at`, `updated_at`) VALUES (100, 114, 'molestiae', 870573772, NULL, 0, '2018-09-24 07:33:06', '1978-08-17 00:40:51');
INSERT INTO `media` (`id`, `user_id`, `filename`, `size`, `metadata`, `media_type_id`, `created_at`, `updated_at`) VALUES (101, 73, 'sapiente', 8, NULL, 0, '1988-04-15 05:36:18', '1981-11-05 17:47:14');
INSERT INTO `media` (`id`, `user_id`, `filename`, `size`, `metadata`, `media_type_id`, `created_at`, `updated_at`) VALUES (102, 97, 'laboriosam', 82307, NULL, 0, '1999-06-27 07:37:56', '2016-11-01 22:25:58');
INSERT INTO `media` (`id`, `user_id`, `filename`, `size`, `metadata`, `media_type_id`, `created_at`, `updated_at`) VALUES (103, 106, 'in', 4, NULL, 0, '1989-03-22 14:42:55', '2017-08-11 05:18:05');
INSERT INTO `media` (`id`, `user_id`, `filename`, `size`, `metadata`, `media_type_id`, `created_at`, `updated_at`) VALUES (104, 107, 'culpa', 19, NULL, 0, '2013-07-07 22:53:19', '2017-12-11 15:25:41');
INSERT INTO `media` (`id`, `user_id`, `filename`, `size`, `metadata`, `media_type_id`, `created_at`, `updated_at`) VALUES (105, 10, 'consequatur', 565, NULL, 0, '1991-07-08 07:14:22', '2013-12-20 22:58:36');
INSERT INTO `media` (`id`, `user_id`, `filename`, `size`, `metadata`, `media_type_id`, `created_at`, `updated_at`) VALUES (106, 12, 'rem', 4553422, NULL, 0, '2005-02-11 05:21:42', '1975-02-10 16:32:22');
INSERT INTO `media` (`id`, `user_id`, `filename`, `size`, `metadata`, `media_type_id`, `created_at`, `updated_at`) VALUES (107, 102, 'nobis', 94, NULL, 0, '2004-03-12 06:33:22', '2008-10-08 04:30:10');
INSERT INTO `media` (`id`, `user_id`, `filename`, `size`, `metadata`, `media_type_id`, `created_at`, `updated_at`) VALUES (108, 117, 'vel', 542, NULL, 0, '1974-10-28 09:37:30', '2018-04-14 09:22:08');
INSERT INTO `media` (`id`, `user_id`, `filename`, `size`, `metadata`, `media_type_id`, `created_at`, `updated_at`) VALUES (109, 114, 'vero', 83111, NULL, 0, '1976-04-02 22:02:46', '1973-12-15 13:14:05');
INSERT INTO `media` (`id`, `user_id`, `filename`, `size`, `metadata`, `media_type_id`, `created_at`, `updated_at`) VALUES (110, 140, 'fuga', 5, NULL, 0, '1977-08-25 23:26:12', '1983-08-19 08:10:17');
INSERT INTO `media` (`id`, `user_id`, `filename`, `size`, `metadata`, `media_type_id`, `created_at`, `updated_at`) VALUES (111, 72, 'voluptatem', 9, NULL, 0, '1998-12-13 00:24:46', '1980-08-10 07:41:04');
INSERT INTO `media` (`id`, `user_id`, `filename`, `size`, `metadata`, `media_type_id`, `created_at`, `updated_at`) VALUES (112, 125, 'repudiandae', 3839757, NULL, 0, '1976-09-05 14:39:45', '1970-10-25 15:06:58');
INSERT INTO `media` (`id`, `user_id`, `filename`, `size`, `metadata`, `media_type_id`, `created_at`, `updated_at`) VALUES (113, 58, 'harum', 57469, NULL, 0, '1981-07-22 11:34:17', '2009-03-24 12:14:37');
INSERT INTO `media` (`id`, `user_id`, `filename`, `size`, `metadata`, `media_type_id`, `created_at`, `updated_at`) VALUES (114, 93, 'eos', 8194753, NULL, 0, '1979-04-02 01:47:34', '2015-05-19 04:27:34');
INSERT INTO `media` (`id`, `user_id`, `filename`, `size`, `metadata`, `media_type_id`, `created_at`, `updated_at`) VALUES (115, 97, 'accusantium', 683, NULL, 0, '1986-01-11 23:23:09', '1977-08-30 00:42:30');
INSERT INTO `media` (`id`, `user_id`, `filename`, `size`, `metadata`, `media_type_id`, `created_at`, `updated_at`) VALUES (116, 39, 'quo', 944114341, NULL, 0, '2000-04-02 02:54:07', '2009-08-15 00:51:27');
INSERT INTO `media` (`id`, `user_id`, `filename`, `size`, `metadata`, `media_type_id`, `created_at`, `updated_at`) VALUES (117, 148, 'ratione', 79343049, NULL, 0, '1995-11-16 20:01:29', '1997-01-27 00:10:21');
INSERT INTO `media` (`id`, `user_id`, `filename`, `size`, `metadata`, `media_type_id`, `created_at`, `updated_at`) VALUES (118, 92, 'voluptatem', 0, NULL, 0, '2009-08-26 08:58:55', '1996-08-29 04:36:19');
INSERT INTO `media` (`id`, `user_id`, `filename`, `size`, `metadata`, `media_type_id`, `created_at`, `updated_at`) VALUES (119, 136, 'dicta', 0, NULL, 0, '2016-08-25 13:23:12', '2017-08-17 16:37:11');
INSERT INTO `media` (`id`, `user_id`, `filename`, `size`, `metadata`, `media_type_id`, `created_at`, `updated_at`) VALUES (120, 114, 'iusto', 7, NULL, 0, '1999-04-17 08:48:29', '1978-06-09 15:28:33');
INSERT INTO `media` (`id`, `user_id`, `filename`, `size`, `metadata`, `media_type_id`, `created_at`, `updated_at`) VALUES (121, 121, 'in', 14, NULL, 0, '1990-10-27 11:48:30', '2002-04-30 04:39:51');
INSERT INTO `media` (`id`, `user_id`, `filename`, `size`, `metadata`, `media_type_id`, `created_at`, `updated_at`) VALUES (122, 87, 'unde', 4321, NULL, 0, '2020-01-03 02:59:55', '2009-08-12 16:53:29');
INSERT INTO `media` (`id`, `user_id`, `filename`, `size`, `metadata`, `media_type_id`, `created_at`, `updated_at`) VALUES (123, 116, 'est', 143, NULL, 0, '1989-02-12 18:54:28', '1971-08-21 04:41:41');
INSERT INTO `media` (`id`, `user_id`, `filename`, `size`, `metadata`, `media_type_id`, `created_at`, `updated_at`) VALUES (124, 121, 'et', 60, NULL, 0, '1974-09-18 05:59:37', '1974-07-06 02:09:58');
INSERT INTO `media` (`id`, `user_id`, `filename`, `size`, `metadata`, `media_type_id`, `created_at`, `updated_at`) VALUES (125, 111, 'accusantium', 46, NULL, 0, '2001-05-24 19:32:20', '1998-01-12 20:30:06');
INSERT INTO `media` (`id`, `user_id`, `filename`, `size`, `metadata`, `media_type_id`, `created_at`, `updated_at`) VALUES (126, 9, 'hic', 71872436, NULL, 0, '1996-02-22 06:35:51', '1987-09-24 06:00:24');
INSERT INTO `media` (`id`, `user_id`, `filename`, `size`, `metadata`, `media_type_id`, `created_at`, `updated_at`) VALUES (127, 49, 'quaerat', 946787, NULL, 0, '1993-02-14 14:01:37', '2013-11-16 22:24:20');
INSERT INTO `media` (`id`, `user_id`, `filename`, `size`, `metadata`, `media_type_id`, `created_at`, `updated_at`) VALUES (128, 82, 'deserunt', 2780629, NULL, 0, '1989-12-18 07:39:25', '2012-06-12 17:05:54');
INSERT INTO `media` (`id`, `user_id`, `filename`, `size`, `metadata`, `media_type_id`, `created_at`, `updated_at`) VALUES (129, 37, 'libero', 3188423, NULL, 0, '1993-03-29 22:00:02', '1988-08-22 15:40:03');
INSERT INTO `media` (`id`, `user_id`, `filename`, `size`, `metadata`, `media_type_id`, `created_at`, `updated_at`) VALUES (130, 118, 'id', 58, NULL, 0, '1987-03-30 13:12:07', '1989-08-31 20:43:30');
INSERT INTO `media` (`id`, `user_id`, `filename`, `size`, `metadata`, `media_type_id`, `created_at`, `updated_at`) VALUES (131, 124, 'enim', 8, NULL, 0, '1994-04-19 07:13:39', '2014-09-02 07:52:43');
INSERT INTO `media` (`id`, `user_id`, `filename`, `size`, `metadata`, `media_type_id`, `created_at`, `updated_at`) VALUES (132, 15, 'fugit', 82, NULL, 0, '1978-05-25 23:02:08', '1971-04-19 11:49:44');
INSERT INTO `media` (`id`, `user_id`, `filename`, `size`, `metadata`, `media_type_id`, `created_at`, `updated_at`) VALUES (133, 128, 'quia', 408, NULL, 0, '1990-11-18 09:38:29', '2004-02-21 04:18:44');
INSERT INTO `media` (`id`, `user_id`, `filename`, `size`, `metadata`, `media_type_id`, `created_at`, `updated_at`) VALUES (134, 56, 'tempora', 491, NULL, 0, '1978-05-01 03:47:47', '1978-01-10 07:25:57');
INSERT INTO `media` (`id`, `user_id`, `filename`, `size`, `metadata`, `media_type_id`, `created_at`, `updated_at`) VALUES (135, 37, 'est', 466, NULL, 0, '1983-09-11 18:33:11', '1979-10-01 06:05:17');
INSERT INTO `media` (`id`, `user_id`, `filename`, `size`, `metadata`, `media_type_id`, `created_at`, `updated_at`) VALUES (136, 143, 'qui', 81, NULL, 0, '2017-08-26 03:39:44', '2005-02-13 17:47:26');
INSERT INTO `media` (`id`, `user_id`, `filename`, `size`, `metadata`, `media_type_id`, `created_at`, `updated_at`) VALUES (137, 131, 'rerum', 0, NULL, 0, '1971-10-21 02:46:21', '1970-04-28 20:34:41');
INSERT INTO `media` (`id`, `user_id`, `filename`, `size`, `metadata`, `media_type_id`, `created_at`, `updated_at`) VALUES (138, 96, 'et', 0, NULL, 0, '1997-07-19 16:11:24', '2019-10-10 02:43:29');
INSERT INTO `media` (`id`, `user_id`, `filename`, `size`, `metadata`, `media_type_id`, `created_at`, `updated_at`) VALUES (139, 87, 'error', 5446869, NULL, 0, '1972-02-03 15:06:14', '1991-12-07 08:11:53');
INSERT INTO `media` (`id`, `user_id`, `filename`, `size`, `metadata`, `media_type_id`, `created_at`, `updated_at`) VALUES (140, 127, 'cupiditate', 78, NULL, 0, '2005-05-19 08:58:21', '1976-01-12 03:47:50');
INSERT INTO `media` (`id`, `user_id`, `filename`, `size`, `metadata`, `media_type_id`, `created_at`, `updated_at`) VALUES (141, 67, 'maxime', 4108, NULL, 0, '1972-08-09 07:04:29', '2002-10-10 09:50:49');
INSERT INTO `media` (`id`, `user_id`, `filename`, `size`, `metadata`, `media_type_id`, `created_at`, `updated_at`) VALUES (142, 127, 'sapiente', 0, NULL, 0, '1979-05-14 18:39:18', '2014-06-15 04:16:03');
INSERT INTO `media` (`id`, `user_id`, `filename`, `size`, `metadata`, `media_type_id`, `created_at`, `updated_at`) VALUES (143, 58, 'alias', 80, NULL, 0, '2013-04-18 18:47:39', '1984-07-18 19:19:03');
INSERT INTO `media` (`id`, `user_id`, `filename`, `size`, `metadata`, `media_type_id`, `created_at`, `updated_at`) VALUES (144, 33, 'perspiciatis', 472668927, NULL, 0, '1978-05-07 03:23:42', '1975-12-01 02:50:36');
INSERT INTO `media` (`id`, `user_id`, `filename`, `size`, `metadata`, `media_type_id`, `created_at`, `updated_at`) VALUES (145, 18, 'qui', 85, NULL, 0, '2004-04-21 07:19:28', '1981-09-27 01:15:57');
INSERT INTO `media` (`id`, `user_id`, `filename`, `size`, `metadata`, `media_type_id`, `created_at`, `updated_at`) VALUES (146, 91, 'soluta', 429, NULL, 0, '2020-02-12 10:50:50', '2007-04-03 13:23:44');
INSERT INTO `media` (`id`, `user_id`, `filename`, `size`, `metadata`, `media_type_id`, `created_at`, `updated_at`) VALUES (147, 17, 'et', 9545, NULL, 0, '1993-04-22 00:58:57', '1991-03-20 21:22:14');
INSERT INTO `media` (`id`, `user_id`, `filename`, `size`, `metadata`, `media_type_id`, `created_at`, `updated_at`) VALUES (148, 2, 'nostrum', 0, NULL, 0, '2001-06-18 11:41:28', '1976-01-10 23:16:38');
INSERT INTO `media` (`id`, `user_id`, `filename`, `size`, `metadata`, `media_type_id`, `created_at`, `updated_at`) VALUES (149, 147, 'quasi', 570, NULL, 0, '2015-04-06 01:03:37', '2018-08-25 00:25:18');
INSERT INTO `media` (`id`, `user_id`, `filename`, `size`, `metadata`, `media_type_id`, `created_at`, `updated_at`) VALUES (150, 116, 'sit', 28, NULL, 0, '1994-02-28 00:39:36', '1985-10-07 09:34:56');
INSERT INTO `media` (`id`, `user_id`, `filename`, `size`, `metadata`, `media_type_id`, `created_at`, `updated_at`) VALUES (151, 131, 'mollitia', 59950, NULL, 0, '1997-06-22 13:10:41', '2019-06-27 16:25:05');
INSERT INTO `media` (`id`, `user_id`, `filename`, `size`, `metadata`, `media_type_id`, `created_at`, `updated_at`) VALUES (152, 36, 'odit', 73693, NULL, 0, '1983-12-09 17:06:16', '1985-10-12 08:01:56');
INSERT INTO `media` (`id`, `user_id`, `filename`, `size`, `metadata`, `media_type_id`, `created_at`, `updated_at`) VALUES (153, 38, 'et', 75233870, NULL, 0, '2016-01-06 04:13:52', '1994-10-12 11:30:23');
INSERT INTO `media` (`id`, `user_id`, `filename`, `size`, `metadata`, `media_type_id`, `created_at`, `updated_at`) VALUES (154, 54, 'et', 130832524, NULL, 0, '2003-06-03 09:22:41', '1980-09-23 22:11:38');
INSERT INTO `media` (`id`, `user_id`, `filename`, `size`, `metadata`, `media_type_id`, `created_at`, `updated_at`) VALUES (155, 64, 'quae', 755107, NULL, 0, '1992-08-01 13:38:03', '1978-01-21 15:51:58');
INSERT INTO `media` (`id`, `user_id`, `filename`, `size`, `metadata`, `media_type_id`, `created_at`, `updated_at`) VALUES (156, 76, 'consequuntur', 1234927, NULL, 0, '2007-01-16 06:49:23', '1986-06-05 21:07:01');
INSERT INTO `media` (`id`, `user_id`, `filename`, `size`, `metadata`, `media_type_id`, `created_at`, `updated_at`) VALUES (157, 62, 'quas', 3125, NULL, 0, '1987-11-19 10:24:34', '1991-10-05 08:34:18');
INSERT INTO `media` (`id`, `user_id`, `filename`, `size`, `metadata`, `media_type_id`, `created_at`, `updated_at`) VALUES (158, 87, 'et', 41254, NULL, 0, '2000-04-08 23:57:53', '1989-05-16 02:12:35');
INSERT INTO `media` (`id`, `user_id`, `filename`, `size`, `metadata`, `media_type_id`, `created_at`, `updated_at`) VALUES (159, 54, 'aut', 342156240, NULL, 0, '1989-08-28 10:08:18', '1985-03-20 04:27:00');
INSERT INTO `media` (`id`, `user_id`, `filename`, `size`, `metadata`, `media_type_id`, `created_at`, `updated_at`) VALUES (160, 39, 'deleniti', 40, NULL, 0, '1987-07-19 07:49:00', '1978-11-07 09:11:58');
INSERT INTO `media` (`id`, `user_id`, `filename`, `size`, `metadata`, `media_type_id`, `created_at`, `updated_at`) VALUES (161, 101, 'minima', 87053075, NULL, 0, '1971-03-11 19:36:27', '2014-02-10 12:56:30');
INSERT INTO `media` (`id`, `user_id`, `filename`, `size`, `metadata`, `media_type_id`, `created_at`, `updated_at`) VALUES (162, 57, 'molestias', 812031, NULL, 0, '1985-12-31 15:48:05', '1987-04-23 16:23:52');
INSERT INTO `media` (`id`, `user_id`, `filename`, `size`, `metadata`, `media_type_id`, `created_at`, `updated_at`) VALUES (163, 52, 'dolorem', 8, NULL, 0, '1989-03-09 03:30:04', '2007-04-27 09:33:17');
INSERT INTO `media` (`id`, `user_id`, `filename`, `size`, `metadata`, `media_type_id`, `created_at`, `updated_at`) VALUES (164, 94, 'et', 10073, NULL, 0, '1973-11-11 05:56:47', '1989-09-04 06:11:17');
INSERT INTO `media` (`id`, `user_id`, `filename`, `size`, `metadata`, `media_type_id`, `created_at`, `updated_at`) VALUES (165, 96, 'necessitatibus', 0, NULL, 0, '2012-02-12 21:29:46', '1995-05-19 08:03:48');
INSERT INTO `media` (`id`, `user_id`, `filename`, `size`, `metadata`, `media_type_id`, `created_at`, `updated_at`) VALUES (166, 69, 'velit', 269226891, NULL, 0, '1988-07-15 10:28:28', '1992-06-23 23:18:09');
INSERT INTO `media` (`id`, `user_id`, `filename`, `size`, `metadata`, `media_type_id`, `created_at`, `updated_at`) VALUES (167, 136, 'occaecati', 45562, NULL, 0, '2011-07-29 05:47:25', '1984-05-23 06:43:23');
INSERT INTO `media` (`id`, `user_id`, `filename`, `size`, `metadata`, `media_type_id`, `created_at`, `updated_at`) VALUES (168, 54, 'vero', 97353278, NULL, 0, '2016-07-07 16:25:09', '2017-08-05 00:56:45');
INSERT INTO `media` (`id`, `user_id`, `filename`, `size`, `metadata`, `media_type_id`, `created_at`, `updated_at`) VALUES (169, 3, 'atque', 659278480, NULL, 0, '2017-11-05 05:18:56', '2008-01-06 17:30:43');
INSERT INTO `media` (`id`, `user_id`, `filename`, `size`, `metadata`, `media_type_id`, `created_at`, `updated_at`) VALUES (170, 37, 'molestiae', 77071953, NULL, 0, '2003-08-05 22:47:55', '1999-11-21 17:41:50');
INSERT INTO `media` (`id`, `user_id`, `filename`, `size`, `metadata`, `media_type_id`, `created_at`, `updated_at`) VALUES (171, 121, 'aspernatur', 855460703, NULL, 0, '1970-06-22 14:20:25', '2015-06-12 06:55:08');
INSERT INTO `media` (`id`, `user_id`, `filename`, `size`, `metadata`, `media_type_id`, `created_at`, `updated_at`) VALUES (172, 117, 'voluptatem', 6, NULL, 0, '1996-04-16 14:19:09', '1976-01-17 00:40:48');
INSERT INTO `media` (`id`, `user_id`, `filename`, `size`, `metadata`, `media_type_id`, `created_at`, `updated_at`) VALUES (173, 130, 'numquam', 1687205, NULL, 0, '2019-06-19 18:29:41', '1990-08-12 06:31:19');
INSERT INTO `media` (`id`, `user_id`, `filename`, `size`, `metadata`, `media_type_id`, `created_at`, `updated_at`) VALUES (174, 139, 'aperiam', 85, NULL, 0, '1983-07-06 23:04:10', '1981-04-28 19:16:05');
INSERT INTO `media` (`id`, `user_id`, `filename`, `size`, `metadata`, `media_type_id`, `created_at`, `updated_at`) VALUES (175, 79, 'quam', 1518300, NULL, 0, '1988-05-23 15:09:00', '1993-06-25 18:45:44');
INSERT INTO `media` (`id`, `user_id`, `filename`, `size`, `metadata`, `media_type_id`, `created_at`, `updated_at`) VALUES (176, 41, 'quia', 16660, NULL, 0, '2019-03-29 14:18:45', '2013-02-25 16:47:45');
INSERT INTO `media` (`id`, `user_id`, `filename`, `size`, `metadata`, `media_type_id`, `created_at`, `updated_at`) VALUES (177, 98, 'voluptatem', 554833, NULL, 0, '1984-02-13 09:54:06', '1971-05-17 09:28:14');
INSERT INTO `media` (`id`, `user_id`, `filename`, `size`, `metadata`, `media_type_id`, `created_at`, `updated_at`) VALUES (178, 3, 'molestiae', 61838986, NULL, 0, '2018-01-23 14:27:26', '1977-03-19 09:59:54');
INSERT INTO `media` (`id`, `user_id`, `filename`, `size`, `metadata`, `media_type_id`, `created_at`, `updated_at`) VALUES (179, 76, 'dolorum', 0, NULL, 0, '1999-06-22 01:59:36', '1971-06-10 20:46:36');
INSERT INTO `media` (`id`, `user_id`, `filename`, `size`, `metadata`, `media_type_id`, `created_at`, `updated_at`) VALUES (180, 24, 'aut', 499047, NULL, 0, '1986-09-15 11:55:07', '1975-11-08 17:50:47');
INSERT INTO `media` (`id`, `user_id`, `filename`, `size`, `metadata`, `media_type_id`, `created_at`, `updated_at`) VALUES (181, 13, 'harum', 635961, NULL, 0, '1982-04-25 14:49:37', '1970-10-25 10:42:17');
INSERT INTO `media` (`id`, `user_id`, `filename`, `size`, `metadata`, `media_type_id`, `created_at`, `updated_at`) VALUES (182, 25, 'veritatis', 557786, NULL, 0, '1991-05-15 17:47:28', '1997-08-11 17:21:24');
INSERT INTO `media` (`id`, `user_id`, `filename`, `size`, `metadata`, `media_type_id`, `created_at`, `updated_at`) VALUES (183, 67, 'officia', 1, NULL, 0, '2018-08-13 20:56:35', '1988-12-25 14:08:45');
INSERT INTO `media` (`id`, `user_id`, `filename`, `size`, `metadata`, `media_type_id`, `created_at`, `updated_at`) VALUES (184, 64, 'et', 55038, NULL, 0, '1995-11-14 11:58:57', '1984-12-11 15:57:09');
INSERT INTO `media` (`id`, `user_id`, `filename`, `size`, `metadata`, `media_type_id`, `created_at`, `updated_at`) VALUES (185, 14, 'quos', 3, NULL, 0, '2014-12-01 22:12:00', '1972-01-31 05:35:53');
INSERT INTO `media` (`id`, `user_id`, `filename`, `size`, `metadata`, `media_type_id`, `created_at`, `updated_at`) VALUES (186, 77, 'ea', 6005957, NULL, 0, '1974-12-18 01:13:34', '2004-07-16 18:09:13');
INSERT INTO `media` (`id`, `user_id`, `filename`, `size`, `metadata`, `media_type_id`, `created_at`, `updated_at`) VALUES (187, 95, 'harum', 244, NULL, 0, '2012-03-19 22:00:12', '1973-07-26 03:39:07');
INSERT INTO `media` (`id`, `user_id`, `filename`, `size`, `metadata`, `media_type_id`, `created_at`, `updated_at`) VALUES (188, 103, 'incidunt', 115, NULL, 0, '1986-10-01 08:55:20', '1995-10-06 01:02:01');
INSERT INTO `media` (`id`, `user_id`, `filename`, `size`, `metadata`, `media_type_id`, `created_at`, `updated_at`) VALUES (189, 111, 'dicta', 874, NULL, 0, '1981-12-23 15:58:53', '2020-06-26 17:22:49');
INSERT INTO `media` (`id`, `user_id`, `filename`, `size`, `metadata`, `media_type_id`, `created_at`, `updated_at`) VALUES (190, 38, 'dolores', 9972485, NULL, 0, '1983-03-04 23:07:45', '1980-06-20 15:58:07');
INSERT INTO `media` (`id`, `user_id`, `filename`, `size`, `metadata`, `media_type_id`, `created_at`, `updated_at`) VALUES (191, 129, 'quidem', 0, NULL, 0, '1984-01-25 15:47:36', '1989-04-09 06:46:59');
INSERT INTO `media` (`id`, `user_id`, `filename`, `size`, `metadata`, `media_type_id`, `created_at`, `updated_at`) VALUES (192, 30, 'vel', 911, NULL, 0, '1982-04-24 04:43:51', '1976-06-07 15:39:28');
INSERT INTO `media` (`id`, `user_id`, `filename`, `size`, `metadata`, `media_type_id`, `created_at`, `updated_at`) VALUES (193, 138, 'enim', 9, NULL, 0, '2011-02-05 04:32:30', '2017-12-03 19:10:26');
INSERT INTO `media` (`id`, `user_id`, `filename`, `size`, `metadata`, `media_type_id`, `created_at`, `updated_at`) VALUES (194, 66, 'est', 6, NULL, 0, '1998-07-06 08:35:13', '1991-06-04 03:30:36');
INSERT INTO `media` (`id`, `user_id`, `filename`, `size`, `metadata`, `media_type_id`, `created_at`, `updated_at`) VALUES (195, 101, 'maxime', 4, NULL, 0, '1978-08-09 21:14:36', '1999-07-11 09:59:52');
INSERT INTO `media` (`id`, `user_id`, `filename`, `size`, `metadata`, `media_type_id`, `created_at`, `updated_at`) VALUES (196, 42, 'error', 696519, NULL, 0, '2017-06-26 13:07:50', '1998-09-28 05:44:51');
INSERT INTO `media` (`id`, `user_id`, `filename`, `size`, `metadata`, `media_type_id`, `created_at`, `updated_at`) VALUES (197, 20, 'magni', 8480, NULL, 0, '1996-06-28 07:54:41', '1988-03-14 05:20:32');
INSERT INTO `media` (`id`, `user_id`, `filename`, `size`, `metadata`, `media_type_id`, `created_at`, `updated_at`) VALUES (198, 119, 'aut', 706114275, NULL, 0, '2019-05-21 09:36:35', '1995-11-23 19:36:38');
INSERT INTO `media` (`id`, `user_id`, `filename`, `size`, `metadata`, `media_type_id`, `created_at`, `updated_at`) VALUES (199, 48, 'aut', 2, NULL, 0, '2007-07-19 23:26:11', '2018-08-02 19:15:52');
INSERT INTO `media` (`id`, `user_id`, `filename`, `size`, `metadata`, `media_type_id`, `created_at`, `updated_at`) VALUES (200, 129, 'accusantium', 0, NULL, 0, '1998-05-15 22:16:02', '1985-02-13 13:17:24');


#
# TABLE STRUCTURE FOR: media_like
#

DROP TABLE IF EXISTS `media_like`;

CREATE TABLE `media_like` (
  `media_id` int(10) unsigned NOT NULL COMMENT 'Ссылка на id медиафайла',
  `user_id` int(10) unsigned NOT NULL COMMENT 'Ссылка на id пользователя',
  `status_like` tinyint(1) DEFAULT NULL COMMENT 'статус лайка',
  `created_at` datetime DEFAULT current_timestamp() COMMENT 'Время создания строки',
  `updated_at` datetime DEFAULT current_timestamp() ON UPDATE current_timestamp() COMMENT 'Время обновления строки',
  PRIMARY KEY (`media_id`,`user_id`) COMMENT 'Составной первичный ключ'
) ENGINE=InnoDB DEFAULT CHARSET=utf8 COLLATE=utf8_unicode_ci COMMENT='Лайки медифайлов';

INSERT INTO `media_like` (`media_id`, `user_id`, `status_like`, `created_at`, `updated_at`) VALUES (1, 1, 1, '2009-02-21 11:15:12', '1984-02-27 04:44:29');
INSERT INTO `media_like` (`media_id`, `user_id`, `status_like`, `created_at`, `updated_at`) VALUES (2, 2, 1, '1981-12-13 11:10:06', '1977-12-29 22:03:31');
INSERT INTO `media_like` (`media_id`, `user_id`, `status_like`, `created_at`, `updated_at`) VALUES (3, 3, 1, '1971-06-30 16:58:43', '1978-08-28 07:59:01');
INSERT INTO `media_like` (`media_id`, `user_id`, `status_like`, `created_at`, `updated_at`) VALUES (4, 4, 1, '2020-07-01 06:43:10', '1987-06-15 15:42:06');
INSERT INTO `media_like` (`media_id`, `user_id`, `status_like`, `created_at`, `updated_at`) VALUES (5, 5, 0, '1988-09-22 13:30:53', '2015-01-16 10:13:30');
INSERT INTO `media_like` (`media_id`, `user_id`, `status_like`, `created_at`, `updated_at`) VALUES (6, 6, 0, '1979-08-20 19:03:18', '1979-12-12 12:10:01');
INSERT INTO `media_like` (`media_id`, `user_id`, `status_like`, `created_at`, `updated_at`) VALUES (7, 7, 1, '1989-05-25 10:43:19', '1988-10-03 08:38:56');
INSERT INTO `media_like` (`media_id`, `user_id`, `status_like`, `created_at`, `updated_at`) VALUES (8, 8, 0, '2006-02-10 14:13:03', '2007-11-22 05:20:37');
INSERT INTO `media_like` (`media_id`, `user_id`, `status_like`, `created_at`, `updated_at`) VALUES (9, 9, 1, '2020-02-27 09:46:17', '2004-09-24 11:15:35');
INSERT INTO `media_like` (`media_id`, `user_id`, `status_like`, `created_at`, `updated_at`) VALUES (10, 10, 0, '1992-04-04 10:29:21', '2017-04-30 17:58:35');
INSERT INTO `media_like` (`media_id`, `user_id`, `status_like`, `created_at`, `updated_at`) VALUES (11, 11, 0, '1970-03-22 14:40:33', '2004-04-26 07:16:47');
INSERT INTO `media_like` (`media_id`, `user_id`, `status_like`, `created_at`, `updated_at`) VALUES (12, 12, 1, '1998-01-25 03:54:02', '1983-12-01 11:46:49');
INSERT INTO `media_like` (`media_id`, `user_id`, `status_like`, `created_at`, `updated_at`) VALUES (13, 13, 1, '1987-02-18 21:03:57', '1981-01-09 02:49:37');
INSERT INTO `media_like` (`media_id`, `user_id`, `status_like`, `created_at`, `updated_at`) VALUES (14, 14, 1, '1999-04-12 21:52:57', '2018-05-05 04:39:15');
INSERT INTO `media_like` (`media_id`, `user_id`, `status_like`, `created_at`, `updated_at`) VALUES (15, 15, 0, '2008-03-21 18:02:51', '2008-07-27 00:17:11');
INSERT INTO `media_like` (`media_id`, `user_id`, `status_like`, `created_at`, `updated_at`) VALUES (16, 16, 1, '2019-09-03 22:31:58', '2006-04-01 16:05:33');
INSERT INTO `media_like` (`media_id`, `user_id`, `status_like`, `created_at`, `updated_at`) VALUES (17, 17, 1, '2015-06-11 05:58:12', '2002-12-19 20:29:05');
INSERT INTO `media_like` (`media_id`, `user_id`, `status_like`, `created_at`, `updated_at`) VALUES (18, 18, 1, '2001-02-09 09:56:07', '1999-06-13 20:32:51');
INSERT INTO `media_like` (`media_id`, `user_id`, `status_like`, `created_at`, `updated_at`) VALUES (19, 19, 0, '1981-08-25 17:18:35', '1981-02-25 14:18:04');
INSERT INTO `media_like` (`media_id`, `user_id`, `status_like`, `created_at`, `updated_at`) VALUES (20, 20, 0, '1974-04-09 01:33:09', '2008-11-22 10:08:33');
INSERT INTO `media_like` (`media_id`, `user_id`, `status_like`, `created_at`, `updated_at`) VALUES (21, 21, 0, '1975-01-09 08:42:41', '1979-03-17 16:31:52');
INSERT INTO `media_like` (`media_id`, `user_id`, `status_like`, `created_at`, `updated_at`) VALUES (22, 22, 0, '1986-08-31 17:41:44', '1987-10-03 05:52:06');
INSERT INTO `media_like` (`media_id`, `user_id`, `status_like`, `created_at`, `updated_at`) VALUES (23, 23, 1, '2015-03-19 13:12:38', '1984-08-30 09:29:30');
INSERT INTO `media_like` (`media_id`, `user_id`, `status_like`, `created_at`, `updated_at`) VALUES (24, 24, 1, '1993-11-20 23:53:51', '1982-04-26 10:30:11');
INSERT INTO `media_like` (`media_id`, `user_id`, `status_like`, `created_at`, `updated_at`) VALUES (25, 25, 1, '2014-08-05 16:05:42', '1974-12-16 12:35:53');
INSERT INTO `media_like` (`media_id`, `user_id`, `status_like`, `created_at`, `updated_at`) VALUES (26, 26, 1, '2012-02-12 00:05:15', '1977-08-19 22:48:13');
INSERT INTO `media_like` (`media_id`, `user_id`, `status_like`, `created_at`, `updated_at`) VALUES (27, 27, 0, '1973-12-05 23:02:40', '1992-03-24 13:21:44');
INSERT INTO `media_like` (`media_id`, `user_id`, `status_like`, `created_at`, `updated_at`) VALUES (28, 28, 0, '1981-06-24 23:44:57', '2010-05-05 07:09:49');
INSERT INTO `media_like` (`media_id`, `user_id`, `status_like`, `created_at`, `updated_at`) VALUES (29, 29, 1, '1974-08-14 21:47:05', '2000-01-27 07:36:01');
INSERT INTO `media_like` (`media_id`, `user_id`, `status_like`, `created_at`, `updated_at`) VALUES (30, 30, 0, '2017-03-19 13:31:10', '2020-10-10 13:26:03');
INSERT INTO `media_like` (`media_id`, `user_id`, `status_like`, `created_at`, `updated_at`) VALUES (31, 31, 0, '2004-03-13 14:23:06', '2017-07-14 15:52:40');
INSERT INTO `media_like` (`media_id`, `user_id`, `status_like`, `created_at`, `updated_at`) VALUES (32, 32, 0, '1978-07-20 04:46:19', '1995-11-07 15:33:55');
INSERT INTO `media_like` (`media_id`, `user_id`, `status_like`, `created_at`, `updated_at`) VALUES (33, 33, 1, '2013-12-18 07:49:28', '1972-12-17 22:01:36');
INSERT INTO `media_like` (`media_id`, `user_id`, `status_like`, `created_at`, `updated_at`) VALUES (34, 34, 0, '2006-03-14 18:43:32', '2012-08-03 01:07:31');
INSERT INTO `media_like` (`media_id`, `user_id`, `status_like`, `created_at`, `updated_at`) VALUES (35, 35, 1, '1972-09-18 10:46:29', '1990-03-25 15:25:25');
INSERT INTO `media_like` (`media_id`, `user_id`, `status_like`, `created_at`, `updated_at`) VALUES (36, 36, 1, '2010-05-12 07:47:03', '2011-05-08 11:20:24');
INSERT INTO `media_like` (`media_id`, `user_id`, `status_like`, `created_at`, `updated_at`) VALUES (37, 37, 1, '2014-08-19 03:40:52', '2019-05-16 10:35:21');
INSERT INTO `media_like` (`media_id`, `user_id`, `status_like`, `created_at`, `updated_at`) VALUES (38, 38, 1, '1994-07-13 17:43:16', '1980-11-09 19:13:00');
INSERT INTO `media_like` (`media_id`, `user_id`, `status_like`, `created_at`, `updated_at`) VALUES (39, 39, 0, '1984-01-19 15:24:48', '1992-10-26 07:01:09');
INSERT INTO `media_like` (`media_id`, `user_id`, `status_like`, `created_at`, `updated_at`) VALUES (40, 40, 1, '2006-11-22 22:04:55', '1977-12-05 22:53:24');
INSERT INTO `media_like` (`media_id`, `user_id`, `status_like`, `created_at`, `updated_at`) VALUES (41, 41, 1, '1974-06-17 13:47:46', '2003-05-27 02:46:53');
INSERT INTO `media_like` (`media_id`, `user_id`, `status_like`, `created_at`, `updated_at`) VALUES (42, 42, 1, '1982-07-14 10:01:50', '1996-08-04 15:23:22');
INSERT INTO `media_like` (`media_id`, `user_id`, `status_like`, `created_at`, `updated_at`) VALUES (43, 43, 0, '1986-07-05 22:33:50', '2004-09-14 12:58:44');
INSERT INTO `media_like` (`media_id`, `user_id`, `status_like`, `created_at`, `updated_at`) VALUES (44, 44, 1, '1985-08-20 14:30:00', '2008-05-15 05:06:06');
INSERT INTO `media_like` (`media_id`, `user_id`, `status_like`, `created_at`, `updated_at`) VALUES (45, 45, 0, '1986-12-14 05:16:08', '1972-02-12 19:04:29');
INSERT INTO `media_like` (`media_id`, `user_id`, `status_like`, `created_at`, `updated_at`) VALUES (46, 46, 0, '1984-01-04 17:50:23', '1986-03-08 01:35:24');
INSERT INTO `media_like` (`media_id`, `user_id`, `status_like`, `created_at`, `updated_at`) VALUES (47, 47, 0, '1974-06-15 09:32:09', '2009-08-23 07:48:13');
INSERT INTO `media_like` (`media_id`, `user_id`, `status_like`, `created_at`, `updated_at`) VALUES (48, 48, 0, '2014-12-05 23:20:40', '1985-07-11 06:04:51');
INSERT INTO `media_like` (`media_id`, `user_id`, `status_like`, `created_at`, `updated_at`) VALUES (49, 49, 0, '1982-02-10 18:09:19', '1978-01-27 17:49:34');
INSERT INTO `media_like` (`media_id`, `user_id`, `status_like`, `created_at`, `updated_at`) VALUES (50, 50, 1, '2020-01-31 00:44:41', '2017-07-06 05:59:06');
INSERT INTO `media_like` (`media_id`, `user_id`, `status_like`, `created_at`, `updated_at`) VALUES (51, 51, 0, '2009-11-15 15:19:42', '1976-07-29 17:09:48');
INSERT INTO `media_like` (`media_id`, `user_id`, `status_like`, `created_at`, `updated_at`) VALUES (52, 52, 1, '2005-10-07 22:02:12', '2010-02-18 00:54:11');
INSERT INTO `media_like` (`media_id`, `user_id`, `status_like`, `created_at`, `updated_at`) VALUES (53, 53, 0, '1981-01-29 21:29:18', '1984-12-15 18:05:25');
INSERT INTO `media_like` (`media_id`, `user_id`, `status_like`, `created_at`, `updated_at`) VALUES (54, 54, 1, '1981-01-02 19:29:44', '2002-05-19 21:52:51');
INSERT INTO `media_like` (`media_id`, `user_id`, `status_like`, `created_at`, `updated_at`) VALUES (55, 55, 0, '2019-04-08 14:27:02', '1981-04-24 10:26:11');
INSERT INTO `media_like` (`media_id`, `user_id`, `status_like`, `created_at`, `updated_at`) VALUES (56, 56, 0, '1990-06-30 09:12:51', '1990-07-21 23:42:17');
INSERT INTO `media_like` (`media_id`, `user_id`, `status_like`, `created_at`, `updated_at`) VALUES (57, 57, 0, '1996-03-08 07:02:08', '1970-12-22 11:14:41');
INSERT INTO `media_like` (`media_id`, `user_id`, `status_like`, `created_at`, `updated_at`) VALUES (58, 58, 0, '2006-05-25 02:56:24', '2015-03-27 17:23:54');
INSERT INTO `media_like` (`media_id`, `user_id`, `status_like`, `created_at`, `updated_at`) VALUES (59, 59, 1, '1995-08-31 02:24:38', '1971-09-07 07:14:02');
INSERT INTO `media_like` (`media_id`, `user_id`, `status_like`, `created_at`, `updated_at`) VALUES (60, 60, 0, '2012-01-02 22:57:52', '1986-10-11 14:03:19');
INSERT INTO `media_like` (`media_id`, `user_id`, `status_like`, `created_at`, `updated_at`) VALUES (61, 61, 0, '2017-03-20 06:06:33', '1980-06-10 06:40:24');
INSERT INTO `media_like` (`media_id`, `user_id`, `status_like`, `created_at`, `updated_at`) VALUES (62, 62, 1, '1994-11-07 12:45:27', '2002-09-12 12:51:01');
INSERT INTO `media_like` (`media_id`, `user_id`, `status_like`, `created_at`, `updated_at`) VALUES (63, 63, 1, '1972-06-24 17:39:38', '1971-08-01 12:40:58');
INSERT INTO `media_like` (`media_id`, `user_id`, `status_like`, `created_at`, `updated_at`) VALUES (64, 64, 0, '2009-10-20 19:04:57', '1991-02-10 10:00:10');
INSERT INTO `media_like` (`media_id`, `user_id`, `status_like`, `created_at`, `updated_at`) VALUES (65, 65, 1, '2011-06-04 09:08:04', '1997-04-03 22:14:14');
INSERT INTO `media_like` (`media_id`, `user_id`, `status_like`, `created_at`, `updated_at`) VALUES (66, 66, 1, '2003-09-08 08:21:48', '1986-06-08 00:42:30');
INSERT INTO `media_like` (`media_id`, `user_id`, `status_like`, `created_at`, `updated_at`) VALUES (67, 67, 0, '2004-09-24 09:35:54', '1979-10-01 11:37:46');
INSERT INTO `media_like` (`media_id`, `user_id`, `status_like`, `created_at`, `updated_at`) VALUES (68, 68, 0, '1970-01-30 09:22:47', '1989-01-25 07:01:23');
INSERT INTO `media_like` (`media_id`, `user_id`, `status_like`, `created_at`, `updated_at`) VALUES (69, 69, 1, '1981-03-24 00:24:38', '1976-03-06 16:47:36');
INSERT INTO `media_like` (`media_id`, `user_id`, `status_like`, `created_at`, `updated_at`) VALUES (70, 70, 1, '2018-12-21 22:27:33', '1982-01-22 16:04:22');
INSERT INTO `media_like` (`media_id`, `user_id`, `status_like`, `created_at`, `updated_at`) VALUES (71, 71, 0, '1992-12-11 09:37:28', '1999-06-17 19:44:04');
INSERT INTO `media_like` (`media_id`, `user_id`, `status_like`, `created_at`, `updated_at`) VALUES (72, 72, 0, '1986-01-01 17:35:23', '1985-02-27 11:05:41');
INSERT INTO `media_like` (`media_id`, `user_id`, `status_like`, `created_at`, `updated_at`) VALUES (73, 73, 0, '1985-06-14 06:41:03', '1993-07-12 20:58:30');
INSERT INTO `media_like` (`media_id`, `user_id`, `status_like`, `created_at`, `updated_at`) VALUES (74, 74, 0, '2005-06-25 14:54:58', '2017-09-02 18:48:41');
INSERT INTO `media_like` (`media_id`, `user_id`, `status_like`, `created_at`, `updated_at`) VALUES (75, 75, 0, '1980-08-23 05:05:14', '2008-09-07 01:59:35');
INSERT INTO `media_like` (`media_id`, `user_id`, `status_like`, `created_at`, `updated_at`) VALUES (76, 76, 0, '2015-10-20 19:26:07', '1999-03-17 16:49:12');
INSERT INTO `media_like` (`media_id`, `user_id`, `status_like`, `created_at`, `updated_at`) VALUES (77, 77, 0, '1978-04-02 03:47:11', '1976-09-14 19:07:42');
INSERT INTO `media_like` (`media_id`, `user_id`, `status_like`, `created_at`, `updated_at`) VALUES (78, 78, 0, '1987-09-08 11:04:38', '2009-06-11 23:01:23');
INSERT INTO `media_like` (`media_id`, `user_id`, `status_like`, `created_at`, `updated_at`) VALUES (79, 79, 1, '1977-06-19 19:05:12', '2013-01-02 05:56:51');
INSERT INTO `media_like` (`media_id`, `user_id`, `status_like`, `created_at`, `updated_at`) VALUES (80, 80, 1, '1980-10-02 07:22:01', '1974-03-17 17:46:04');
INSERT INTO `media_like` (`media_id`, `user_id`, `status_like`, `created_at`, `updated_at`) VALUES (81, 81, 0, '2019-10-03 06:36:34', '1984-04-29 21:16:37');
INSERT INTO `media_like` (`media_id`, `user_id`, `status_like`, `created_at`, `updated_at`) VALUES (82, 82, 0, '1998-05-06 06:20:54', '1988-04-18 14:59:00');
INSERT INTO `media_like` (`media_id`, `user_id`, `status_like`, `created_at`, `updated_at`) VALUES (83, 83, 1, '2011-10-07 04:24:35', '2019-01-22 19:59:24');
INSERT INTO `media_like` (`media_id`, `user_id`, `status_like`, `created_at`, `updated_at`) VALUES (84, 84, 0, '2012-04-02 07:35:39', '2012-03-02 16:41:50');
INSERT INTO `media_like` (`media_id`, `user_id`, `status_like`, `created_at`, `updated_at`) VALUES (85, 85, 1, '2007-08-20 00:14:45', '1992-01-21 02:44:03');
INSERT INTO `media_like` (`media_id`, `user_id`, `status_like`, `created_at`, `updated_at`) VALUES (86, 86, 1, '2010-02-16 10:53:23', '1993-09-02 18:10:53');
INSERT INTO `media_like` (`media_id`, `user_id`, `status_like`, `created_at`, `updated_at`) VALUES (87, 87, 1, '2004-03-28 09:07:09', '1979-04-27 07:17:13');
INSERT INTO `media_like` (`media_id`, `user_id`, `status_like`, `created_at`, `updated_at`) VALUES (88, 88, 1, '1974-02-23 23:50:30', '1998-01-03 13:06:45');
INSERT INTO `media_like` (`media_id`, `user_id`, `status_like`, `created_at`, `updated_at`) VALUES (89, 89, 0, '1993-06-30 23:22:46', '2000-04-10 23:04:49');
INSERT INTO `media_like` (`media_id`, `user_id`, `status_like`, `created_at`, `updated_at`) VALUES (90, 90, 1, '1979-04-18 04:06:16', '1994-02-21 17:15:35');
INSERT INTO `media_like` (`media_id`, `user_id`, `status_like`, `created_at`, `updated_at`) VALUES (91, 91, 0, '1999-11-02 11:11:33', '1981-07-09 06:42:25');
INSERT INTO `media_like` (`media_id`, `user_id`, `status_like`, `created_at`, `updated_at`) VALUES (92, 92, 0, '2020-11-18 14:54:36', '1977-04-17 16:38:36');
INSERT INTO `media_like` (`media_id`, `user_id`, `status_like`, `created_at`, `updated_at`) VALUES (93, 93, 0, '2014-03-08 21:18:51', '2019-03-10 02:08:11');
INSERT INTO `media_like` (`media_id`, `user_id`, `status_like`, `created_at`, `updated_at`) VALUES (94, 94, 1, '2020-04-14 00:25:41', '2018-04-15 00:27:26');
INSERT INTO `media_like` (`media_id`, `user_id`, `status_like`, `created_at`, `updated_at`) VALUES (95, 95, 1, '2000-01-03 11:29:58', '2005-04-13 08:11:37');
INSERT INTO `media_like` (`media_id`, `user_id`, `status_like`, `created_at`, `updated_at`) VALUES (96, 96, 1, '1976-09-14 05:05:16', '1992-09-07 09:33:16');
INSERT INTO `media_like` (`media_id`, `user_id`, `status_like`, `created_at`, `updated_at`) VALUES (97, 97, 0, '1972-12-22 08:48:33', '1982-10-25 11:08:58');
INSERT INTO `media_like` (`media_id`, `user_id`, `status_like`, `created_at`, `updated_at`) VALUES (98, 98, 1, '1989-11-22 06:07:36', '1995-07-13 18:08:37');
INSERT INTO `media_like` (`media_id`, `user_id`, `status_like`, `created_at`, `updated_at`) VALUES (99, 99, 1, '2001-10-23 09:19:10', '1996-08-10 12:53:36');
INSERT INTO `media_like` (`media_id`, `user_id`, `status_like`, `created_at`, `updated_at`) VALUES (100, 100, 0, '2001-04-17 03:54:10', '1999-08-06 11:40:28');


#
# TABLE STRUCTURE FOR: post
#

DROP TABLE IF EXISTS `post`;

CREATE TABLE `post` (
  `id` int(10) unsigned NOT NULL AUTO_INCREMENT COMMENT 'Идентификатор Поста',
  `content` varchar(300) COLLATE utf8_unicode_ci NOT NULL COMMENT 'Контент',
  `created_at` datetime DEFAULT current_timestamp() COMMENT 'Время создания строки',
  `updated_at` datetime DEFAULT current_timestamp() ON UPDATE current_timestamp() COMMENT 'Время обновления строки',
  PRIMARY KEY (`id`),
  UNIQUE KEY `content` (`content`)
) ENGINE=InnoDB AUTO_INCREMENT=101 DEFAULT CHARSET=utf8 COLLATE=utf8_unicode_ci COMMENT='Посты';

INSERT INTO `post` (`id`, `content`, `created_at`, `updated_at`) VALUES (1, 'Praesentium eius eos quam eos illo commodi. Omnis cum cum aperiam dolorem. Odit porro delectus quam autem.', '2020-09-27 22:06:37', '1993-07-22 06:23:55');
INSERT INTO `post` (`id`, `content`, `created_at`, `updated_at`) VALUES (2, 'Labore impedit autem et occaecati suscipit. Explicabo quo facere iusto ea. Quos iste quia voluptas est. Fuga rerum sit officia harum in voluptate.', '1976-02-10 06:52:24', '1972-05-22 21:30:04');
INSERT INTO `post` (`id`, `content`, `created_at`, `updated_at`) VALUES (3, 'Magni deleniti aut vel consequatur repellendus quibusdam ullam. Nesciunt et modi voluptatum minus nobis. Omnis consequatur ducimus soluta vero dolorem totam ea. Qui aperiam quam aliquid voluptatem.', '2011-02-25 13:11:58', '1999-05-04 22:53:22');
INSERT INTO `post` (`id`, `content`, `created_at`, `updated_at`) VALUES (4, 'Accusantium qui nobis et reprehenderit. Laudantium autem nisi facilis et voluptatem facere accusamus. Molestiae itaque accusantium quidem magnam. Accusamus nisi sunt omnis sit.', '2002-12-30 07:29:00', '1996-03-20 20:38:03');
INSERT INTO `post` (`id`, `content`, `created_at`, `updated_at`) VALUES (5, 'Sunt error natus laborum eligendi. Laborum est laboriosam iste et et velit. Modi placeat nisi facere dolor totam vel. Minus voluptatem molestiae veritatis.', '1990-08-25 21:13:15', '2010-01-25 06:12:26');
INSERT INTO `post` (`id`, `content`, `created_at`, `updated_at`) VALUES (6, 'Vel omnis quasi similique qui molestiae. Aperiam consequatur alias et culpa voluptas sit. Voluptatem rerum dolorem repellat tenetur quia alias corrupti.', '2005-08-11 18:00:46', '1977-06-10 17:11:40');
INSERT INTO `post` (`id`, `content`, `created_at`, `updated_at`) VALUES (7, 'Reprehenderit vel facilis maxime dolor. Libero officia iure iste incidunt cumque voluptas. Consequatur maxime labore saepe et consequatur consectetur sit.', '1973-02-18 03:30:04', '2020-11-08 07:51:59');
INSERT INTO `post` (`id`, `content`, `created_at`, `updated_at`) VALUES (8, 'Iste et quia praesentium. Corporis voluptates minus qui nisi dolorem. Incidunt qui expedita architecto beatae beatae.', '1991-02-04 20:13:10', '1988-01-03 10:49:15');
INSERT INTO `post` (`id`, `content`, `created_at`, `updated_at`) VALUES (9, 'Ducimus eum eum quasi reiciendis veritatis. Sequi dolores quasi voluptates eaque fugit. Doloremque tempora beatae laboriosam.', '2014-04-21 11:37:46', '1985-09-11 21:25:23');
INSERT INTO `post` (`id`, `content`, `created_at`, `updated_at`) VALUES (10, 'Aperiam voluptas iure sunt omnis itaque recusandae odit. Iste et iure ut beatae dolorem quis sunt. Eius et et ea.', '2004-04-23 01:18:45', '2009-03-02 13:39:14');
INSERT INTO `post` (`id`, `content`, `created_at`, `updated_at`) VALUES (11, 'Hic provident aut id voluptate dolore ullam officia. Cum amet repellendus optio nulla. Modi consequatur perferendis nihil rerum quis.', '2005-12-11 12:20:16', '1990-06-06 14:19:01');
INSERT INTO `post` (`id`, `content`, `created_at`, `updated_at`) VALUES (12, 'Aut porro et numquam sed non. Aut quo placeat itaque unde aut sapiente iste. Soluta mollitia et animi commodi nisi et.', '2006-01-10 21:03:33', '2009-05-09 12:04:30');
INSERT INTO `post` (`id`, `content`, `created_at`, `updated_at`) VALUES (13, 'Nemo impedit corrupti omnis reprehenderit. Placeat occaecati odit ea suscipit voluptatem ut. Est veritatis est ut omnis omnis sed.', '1980-02-29 05:46:31', '1992-09-19 12:24:41');
INSERT INTO `post` (`id`, `content`, `created_at`, `updated_at`) VALUES (14, 'Eos maiores dicta quis doloremque recusandae. Inventore magni vitae id est fugiat velit ut nostrum. Dolores repellendus consectetur et qui accusamus.', '2004-04-03 06:27:28', '2003-03-14 14:24:21');
INSERT INTO `post` (`id`, `content`, `created_at`, `updated_at`) VALUES (15, 'Architecto nobis veritatis architecto. Dolores animi aut cumque occaecati.', '2007-09-07 09:06:24', '2019-09-08 14:22:20');
INSERT INTO `post` (`id`, `content`, `created_at`, `updated_at`) VALUES (16, 'Odit voluptatibus hic sequi et iusto qui et. Velit vitae voluptas alias vero.', '2005-01-07 12:33:44', '1975-01-05 17:23:49');
INSERT INTO `post` (`id`, `content`, `created_at`, `updated_at`) VALUES (17, 'Necessitatibus unde suscipit illum aut. Ut amet expedita at vitae laboriosam laborum. Omnis facere illo minus officia eveniet et autem maiores. Quo minus rerum soluta quod impedit commodi.', '2004-09-01 20:33:36', '1983-02-14 15:02:48');
INSERT INTO `post` (`id`, `content`, `created_at`, `updated_at`) VALUES (18, 'Est sint adipisci error vel libero. Voluptatum ea odio facilis aut minus.\nAb blanditiis et qui natus. Consequatur quidem laudantium maxime ex. Maiores laudantium optio sint ab.', '2004-12-20 07:38:34', '2003-06-30 14:12:49');
INSERT INTO `post` (`id`, `content`, `created_at`, `updated_at`) VALUES (19, 'Occaecati natus dignissimos magnam occaecati. Est quos sit quidem veritatis maiores quia. Recusandae aut sit modi odio tenetur et. Magnam aut delectus placeat id asperiores odit animi sed.', '2011-09-17 09:58:46', '2008-11-24 00:43:10');
INSERT INTO `post` (`id`, `content`, `created_at`, `updated_at`) VALUES (20, 'Suscipit molestias est aut veniam. Voluptatibus quo eum rerum reprehenderit in non esse omnis. Occaecati iure sed praesentium suscipit accusamus quos quasi aliquid.', '1981-06-03 10:42:12', '2001-10-04 20:20:24');
INSERT INTO `post` (`id`, `content`, `created_at`, `updated_at`) VALUES (21, 'Et in debitis reiciendis similique in dolorem. Consequatur est iure nulla ipsam illum sit. Error ea quis nihil vel ut dolor.', '1986-03-01 09:46:52', '1986-01-26 16:19:29');
INSERT INTO `post` (`id`, `content`, `created_at`, `updated_at`) VALUES (22, 'Tempora facere dolor aut quod dolorem. Asperiores harum rerum tempore vel. Eligendi quas ut et reiciendis eos corrupti maxime. Et id magni nihil veniam rerum qui aut omnis.', '1970-02-18 16:57:59', '2004-10-17 01:33:01');
INSERT INTO `post` (`id`, `content`, `created_at`, `updated_at`) VALUES (23, 'Error quia et perspiciatis quis. Ea est ab laboriosam sint illum. Ratione et iste accusamus possimus temporibus sed incidunt tenetur.', '1981-03-03 05:35:07', '1995-05-27 20:01:09');
INSERT INTO `post` (`id`, `content`, `created_at`, `updated_at`) VALUES (24, 'Aliquid explicabo iste eveniet nesciunt est excepturi repudiandae. Neque illum cum nemo dolores nulla. Nesciunt nesciunt placeat et recusandae amet sed. Et aut ad est corrupti qui earum quidem.', '2008-02-01 06:47:01', '1978-03-12 09:01:23');
INSERT INTO `post` (`id`, `content`, `created_at`, `updated_at`) VALUES (25, 'Reiciendis maxime totam sunt non minima omnis quas. Voluptas maiores esse et est. Dolorem possimus mollitia aliquid nobis qui.', '2000-02-24 19:30:34', '1976-06-30 11:26:39');
INSERT INTO `post` (`id`, `content`, `created_at`, `updated_at`) VALUES (26, 'Commodi minima amet facilis debitis nihil harum. Modi sit magnam provident soluta totam ut accusantium. Autem aut id pariatur qui. Saepe minima aliquid temporibus sed fugit aut ad.', '2006-06-06 13:09:09', '2009-11-01 01:40:44');
INSERT INTO `post` (`id`, `content`, `created_at`, `updated_at`) VALUES (27, 'Corrupti dolorem expedita fuga maxime voluptatum nihil et. Enim vero neque vel inventore. Aut et quod impedit qui minus modi odio deserunt.', '1990-01-18 15:50:23', '2020-03-08 16:38:43');
INSERT INTO `post` (`id`, `content`, `created_at`, `updated_at`) VALUES (28, 'Incidunt dolores culpa aliquid saepe. Neque exercitationem et et laborum. Et quae itaque quis maiores ullam ut. Et aut adipisci corporis.', '1986-02-16 02:08:54', '2006-01-17 23:54:11');
INSERT INTO `post` (`id`, `content`, `created_at`, `updated_at`) VALUES (29, 'Mollitia est est ab veritatis totam velit eum recusandae. Aut ut nesciunt voluptas repellat iste quod suscipit. At magni vero omnis provident omnis repudiandae.', '2020-10-25 07:34:46', '1993-03-17 18:57:52');
INSERT INTO `post` (`id`, `content`, `created_at`, `updated_at`) VALUES (30, 'Quod vitae eum hic autem facere temporibus cumque. Perferendis et exercitationem consectetur voluptatem consequatur. Ea qui quos laudantium nostrum.', '2009-12-01 02:07:52', '2018-10-09 10:10:34');
INSERT INTO `post` (`id`, `content`, `created_at`, `updated_at`) VALUES (31, 'Et reprehenderit repellendus fugit quia porro. Non magni consectetur deleniti. Modi doloribus dolore velit.', '2003-07-18 16:10:02', '1983-04-02 18:22:28');
INSERT INTO `post` (`id`, `content`, `created_at`, `updated_at`) VALUES (32, 'Illum tempore tempore voluptates veritatis voluptatibus expedita omnis. Numquam aut animi fugiat omnis consequatur. Qui voluptas repellendus voluptatem possimus.', '2015-01-20 09:18:54', '1982-01-25 08:44:01');
INSERT INTO `post` (`id`, `content`, `created_at`, `updated_at`) VALUES (33, 'Eligendi nemo eum quibusdam est. Dolore tenetur minima saepe. Odio ea excepturi autem quae reprehenderit perferendis eum architecto.', '1996-10-28 16:23:36', '1981-07-02 00:05:45');
INSERT INTO `post` (`id`, `content`, `created_at`, `updated_at`) VALUES (34, 'Consequatur molestias doloribus veritatis fugit et voluptatibus molestiae. Veritatis mollitia voluptatem ducimus blanditiis. Voluptatem error eum qui enim reiciendis aut.', '1981-04-02 02:57:33', '1977-08-23 08:27:14');
INSERT INTO `post` (`id`, `content`, `created_at`, `updated_at`) VALUES (35, 'Aut cumque accusamus quaerat consequuntur voluptatem excepturi ducimus voluptate. Similique laborum aspernatur nostrum iusto. Ea ut id quia assumenda rerum iste rerum.', '2004-10-01 18:25:02', '2009-06-03 08:29:07');
INSERT INTO `post` (`id`, `content`, `created_at`, `updated_at`) VALUES (36, 'Quod itaque minus pariatur dolore minima est. Voluptas laudantium dolores qui consectetur nobis. Qui id ad illum magnam autem dicta aspernatur. Maiores minima animi sed blanditiis ullam et.', '2006-08-05 11:17:57', '1993-05-21 07:44:34');
INSERT INTO `post` (`id`, `content`, `created_at`, `updated_at`) VALUES (37, 'Quos illum error ab voluptates est aliquam. Eligendi quibusdam non rem impedit voluptatem sit ab.', '1998-04-19 15:37:58', '2020-04-16 03:31:16');
INSERT INTO `post` (`id`, `content`, `created_at`, `updated_at`) VALUES (38, 'Et quam sed accusantium sed magni. Et ratione ut necessitatibus consectetur iure aut. Quis eos quod vitae in. Adipisci nulla sapiente et corrupti in sed alias.', '1977-03-10 14:34:14', '2016-06-21 16:40:18');
INSERT INTO `post` (`id`, `content`, `created_at`, `updated_at`) VALUES (39, 'Omnis vero ex inventore quia impedit doloribus incidunt. Accusamus quia vero in optio ut. Voluptas et quia cum non ipsum dolore deleniti dolor.', '1989-08-01 20:37:12', '2018-12-12 08:25:16');
INSERT INTO `post` (`id`, `content`, `created_at`, `updated_at`) VALUES (40, 'Nihil voluptatem fugiat aperiam et delectus. Ab inventore modi libero ipsa est modi impedit suscipit. Odit voluptatum aut animi aspernatur.', '1994-03-09 13:12:27', '2000-03-07 04:32:43');
INSERT INTO `post` (`id`, `content`, `created_at`, `updated_at`) VALUES (41, 'Eos similique quidem quo. Illo qui labore excepturi autem beatae rerum enim. Et ut iure repellendus voluptatibus a ullam aspernatur. Soluta veniam at aut adipisci.', '2018-03-13 21:27:18', '1984-02-04 14:59:56');
INSERT INTO `post` (`id`, `content`, `created_at`, `updated_at`) VALUES (42, 'Minima voluptatibus dolorum ipsam et necessitatibus. Vel in sed suscipit qui. In quibusdam dolor enim reprehenderit deserunt perferendis qui deleniti.', '2015-07-24 14:45:03', '2012-03-10 07:25:55');
INSERT INTO `post` (`id`, `content`, `created_at`, `updated_at`) VALUES (43, 'Ullam sed velit rem inventore. Repellat dignissimos sint odit voluptatem consequatur. Ad quae pariatur est et doloremque. Enim dolor saepe ipsam est eaque.', '2010-11-23 15:41:51', '1972-01-20 00:42:05');
INSERT INTO `post` (`id`, `content`, `created_at`, `updated_at`) VALUES (44, 'Repellendus sequi accusamus sed adipisci facilis. Distinctio dignissimos voluptatum enim quisquam. Assumenda non quaerat necessitatibus et quod aliquam suscipit.', '1991-12-19 14:56:23', '2012-02-26 07:31:49');
INSERT INTO `post` (`id`, `content`, `created_at`, `updated_at`) VALUES (45, 'Qui quibusdam laboriosam provident repudiandae delectus sit. Non ea sed adipisci consectetur omnis. Perspiciatis sed facilis quis laudantium voluptatibus voluptatem.', '1999-01-07 23:26:47', '2005-08-22 21:45:29');
INSERT INTO `post` (`id`, `content`, `created_at`, `updated_at`) VALUES (46, 'Deleniti dolorem sed voluptatem molestias. Et veniam cum ab. Nesciunt nam et dolorum sunt aspernatur quam enim.', '1986-01-17 18:43:23', '2011-01-17 15:13:34');
INSERT INTO `post` (`id`, `content`, `created_at`, `updated_at`) VALUES (47, 'Sed iure sed ut ratione unde id. Voluptatibus exercitationem reiciendis in vel eveniet nisi est ut. Aliquam non est vitae dolor aut suscipit.', '2018-07-15 07:36:50', '1983-02-01 13:33:17');
INSERT INTO `post` (`id`, `content`, `created_at`, `updated_at`) VALUES (48, 'Nisi saepe rem ad. Esse sunt expedita ducimus occaecati sed. Aperiam quo et ipsam veritatis ad exercitationem sit.', '1999-09-13 22:14:38', '2003-07-25 14:33:55');
INSERT INTO `post` (`id`, `content`, `created_at`, `updated_at`) VALUES (49, 'Voluptatem aut expedita eum et. Quo magnam recusandae excepturi sit eaque est. Sed quam dolorem velit voluptatem.', '2018-03-15 02:08:53', '2014-02-27 10:26:46');
INSERT INTO `post` (`id`, `content`, `created_at`, `updated_at`) VALUES (50, 'Est modi corrupti iste voluptate iure amet ea ex. Aut qui dignissimos doloremque voluptatem tenetur. Eos molestiae sint quisquam.', '1983-09-09 17:54:15', '1977-09-20 19:23:57');
INSERT INTO `post` (`id`, `content`, `created_at`, `updated_at`) VALUES (51, 'Eligendi et iusto error sunt tempore. Praesentium itaque modi harum et iure excepturi praesentium. Odit voluptatem in dolor eos blanditiis. Velit voluptates autem a reprehenderit.', '1986-07-16 22:06:30', '1974-11-28 08:40:35');
INSERT INTO `post` (`id`, `content`, `created_at`, `updated_at`) VALUES (52, 'Quidem soluta eos rerum quasi sed voluptate libero. Amet dolorem ipsa odit dicta voluptatum animi. Similique officia earum amet.', '1986-12-28 09:18:32', '1972-03-01 23:15:38');
INSERT INTO `post` (`id`, `content`, `created_at`, `updated_at`) VALUES (53, 'Ut consequatur eos et consequuntur enim consequatur voluptas ut. Accusantium magnam optio expedita facere iure. Corporis voluptas et voluptate nisi.', '1992-10-11 23:19:11', '1993-08-10 17:07:11');
INSERT INTO `post` (`id`, `content`, `created_at`, `updated_at`) VALUES (54, 'Rerum eveniet dolore alias et voluptatem aut nemo. Voluptas voluptatum corporis perspiciatis magni fugiat quia.', '1990-10-16 06:18:15', '2012-01-01 23:43:57');
INSERT INTO `post` (`id`, `content`, `created_at`, `updated_at`) VALUES (55, 'Nam voluptas minus fugiat adipisci ipsam aspernatur aperiam. Itaque adipisci possimus et illum et accusamus eum. Vel autem cupiditate aut omnis dicta id et.', '2018-10-04 12:57:38', '1981-12-24 10:01:16');
INSERT INTO `post` (`id`, `content`, `created_at`, `updated_at`) VALUES (56, 'Et rerum totam optio adipisci. Sed aut labore doloremque repellendus facere. Quos repellat dolorem aut eos quia et dolorem.', '1986-11-15 05:57:19', '2011-08-03 12:03:24');
INSERT INTO `post` (`id`, `content`, `created_at`, `updated_at`) VALUES (57, 'Et est et eius voluptatem. Inventore iusto eum maiores excepturi.', '1972-04-10 22:38:46', '2012-02-26 17:47:24');
INSERT INTO `post` (`id`, `content`, `created_at`, `updated_at`) VALUES (58, 'Illo corrupti omnis libero aut vel. Quia necessitatibus totam quaerat. Quo repellat optio rerum.', '1975-08-29 13:03:21', '1997-08-18 02:00:22');
INSERT INTO `post` (`id`, `content`, `created_at`, `updated_at`) VALUES (59, 'Aliquid nobis excepturi neque nemo facere consequatur sit repellendus. Animi asperiores accusantium aspernatur a est officiis. Aut distinctio ut ut fugit repellat odit. Ut est praesentium ut.', '2017-03-07 08:55:52', '2000-09-13 12:02:24');
INSERT INTO `post` (`id`, `content`, `created_at`, `updated_at`) VALUES (60, 'In quidem eveniet occaecati. Saepe qui quod sed voluptatem et et. Explicabo sunt deleniti ut dolor consequatur maxime necessitatibus. Voluptatibus ab porro ut atque.', '1989-04-06 05:11:34', '1990-04-27 15:03:48');
INSERT INTO `post` (`id`, `content`, `created_at`, `updated_at`) VALUES (61, 'Veritatis cumque vero totam enim consequuntur. Provident voluptatem ducimus et accusamus eius. Nisi nobis molestiae distinctio in vel ratione et. Magni non quae in facilis saepe mollitia ut possimus.', '2005-12-01 22:54:06', '2000-11-11 13:08:55');
INSERT INTO `post` (`id`, `content`, `created_at`, `updated_at`) VALUES (62, 'Sit ea dolorem velit ad atque. Consequuntur possimus possimus dignissimos consequatur. Et voluptatem cupiditate quod nihil. Quibusdam non nulla quisquam sed ut deserunt et.', '1983-03-23 11:26:12', '2004-08-01 23:14:26');
INSERT INTO `post` (`id`, `content`, `created_at`, `updated_at`) VALUES (63, 'Omnis molestiae rerum nihil voluptatem nemo. Possimus et vel molestiae eos. Repellendus iste earum ut delectus voluptas ratione.', '2006-06-19 12:26:40', '2003-12-23 06:19:51');
INSERT INTO `post` (`id`, `content`, `created_at`, `updated_at`) VALUES (64, 'Omnis facere labore labore id. Incidunt voluptatem ipsa sint eum. Perferendis officiis velit illo odit suscipit similique deleniti. Quos rerum et voluptatibus iure eum voluptas et.', '2017-07-10 18:44:21', '1978-01-11 01:44:29');
INSERT INTO `post` (`id`, `content`, `created_at`, `updated_at`) VALUES (65, 'Doloremque officia nostrum eius incidunt ut. Debitis ea magni aut est aperiam eum. Ad et id esse incidunt eligendi perspiciatis non et. Dolore esse eius debitis magni tenetur.', '1998-09-04 22:37:03', '1989-02-26 22:10:07');
INSERT INTO `post` (`id`, `content`, `created_at`, `updated_at`) VALUES (66, 'Repellat numquam sit dolorem ea laudantium culpa. Nisi numquam dolorum recusandae dolor repellat est eos.', '2001-10-07 03:14:33', '1989-03-22 13:12:14');
INSERT INTO `post` (`id`, `content`, `created_at`, `updated_at`) VALUES (67, 'Maiores enim in qui dignissimos esse. Aperiam ea quia nisi odit hic. Et ut minus numquam ut culpa consequatur. Quo id incidunt consequatur voluptates debitis aut.', '1986-08-27 08:50:10', '2009-05-17 15:56:50');
INSERT INTO `post` (`id`, `content`, `created_at`, `updated_at`) VALUES (68, 'Omnis voluptas et quo nisi. Sunt ut rerum recusandae dolore odio molestiae. Molestiae quam vel aliquam iste voluptates non sit porro.', '2008-12-15 14:22:17', '2017-12-04 13:14:30');
INSERT INTO `post` (`id`, `content`, `created_at`, `updated_at`) VALUES (69, 'Voluptate incidunt sed iure porro. Illum culpa est incidunt molestias ea. Omnis debitis porro expedita provident. Debitis quia sapiente occaecati quo error velit autem.', '1978-03-02 15:45:37', '1971-02-03 07:09:33');
INSERT INTO `post` (`id`, `content`, `created_at`, `updated_at`) VALUES (70, 'Et et dignissimos et sed. Omnis sit et modi necessitatibus omnis.', '2005-01-28 18:21:53', '1980-07-22 08:43:31');
INSERT INTO `post` (`id`, `content`, `created_at`, `updated_at`) VALUES (71, 'Repellat perspiciatis velit qui labore vitae nostrum aperiam dolorum. Voluptatem sed et nisi facilis. Vitae incidunt aut tempora libero commodi. Voluptas et laboriosam et.', '2006-02-15 02:45:28', '2008-12-24 22:42:01');
INSERT INTO `post` (`id`, `content`, `created_at`, `updated_at`) VALUES (72, 'Quae quas voluptatem quidem quasi. Illum explicabo exercitationem aut occaecati. Praesentium vitae consequatur beatae et hic. Illo ratione odio ea deleniti labore esse.', '1993-02-22 19:28:36', '2020-06-03 01:35:55');
INSERT INTO `post` (`id`, `content`, `created_at`, `updated_at`) VALUES (73, 'Dolores aspernatur aspernatur error aut voluptatum. Quia ut cupiditate nemo vitae. Ipsam odio eius pariatur in. Ex in dolorum quia est qui qui incidunt veritatis.', '2009-09-23 08:30:34', '1984-01-06 14:51:03');
INSERT INTO `post` (`id`, `content`, `created_at`, `updated_at`) VALUES (74, 'Laboriosam aliquid amet dolorem itaque ut quam excepturi. Libero quia totam est iure consequatur ut voluptate veritatis. Consequatur quis et et.', '2015-09-02 15:48:57', '1983-05-23 14:14:07');
INSERT INTO `post` (`id`, `content`, `created_at`, `updated_at`) VALUES (75, 'Deserunt nam necessitatibus ratione similique. Tempora quas nisi delectus aut praesentium libero qui libero. Qui voluptate eaque quia qui. Placeat possimus porro occaecati ut libero.', '1988-06-13 15:41:20', '2017-08-02 10:51:59');
INSERT INTO `post` (`id`, `content`, `created_at`, `updated_at`) VALUES (76, 'Dolor cum non deserunt dignissimos nobis ut voluptatem. Sunt harum laborum distinctio est doloribus dicta quod.', '1979-08-25 02:02:17', '1996-01-08 14:16:10');
INSERT INTO `post` (`id`, `content`, `created_at`, `updated_at`) VALUES (77, 'Aspernatur minus nihil quaerat ad voluptas. Veniam aut nihil cum inventore voluptatum. Et modi qui repellat aliquid tempore id.', '1996-01-01 02:24:51', '1982-07-13 21:12:58');
INSERT INTO `post` (`id`, `content`, `created_at`, `updated_at`) VALUES (78, 'Dolores velit ut est ut itaque. Dolor dolorem quibusdam omnis quasi at. Quas expedita quo omnis voluptas. Dolore voluptatem voluptatem officiis quo voluptas.', '1976-09-20 08:17:32', '1976-06-06 11:07:45');
INSERT INTO `post` (`id`, `content`, `created_at`, `updated_at`) VALUES (79, 'Laboriosam aut asperiores ut explicabo ad. Ea ipsa cumque quia explicabo quo ipsa enim dolorem.', '2005-05-21 07:24:31', '2017-08-23 14:43:30');
INSERT INTO `post` (`id`, `content`, `created_at`, `updated_at`) VALUES (80, 'Reiciendis ut blanditiis est et tempora. Autem a quod et eum. Et quia nihil sit deleniti.', '2016-10-01 01:28:17', '2018-01-21 14:55:55');
INSERT INTO `post` (`id`, `content`, `created_at`, `updated_at`) VALUES (81, 'Aut nihil eius consectetur. Sit non laboriosam sit. Porro enim suscipit similique eum dolorum.', '1984-01-11 23:23:48', '1985-10-22 12:21:52');
INSERT INTO `post` (`id`, `content`, `created_at`, `updated_at`) VALUES (82, 'Aut asperiores similique voluptas explicabo voluptatem. Totam quam autem eius. Ducimus ab qui voluptatibus quasi dolorem.', '1990-01-03 15:17:43', '1990-03-20 22:01:51');
INSERT INTO `post` (`id`, `content`, `created_at`, `updated_at`) VALUES (83, 'Exercitationem blanditiis dolor odio ea. Nisi eos quia voluptatem aut earum et possimus. Et a ullam ipsum eligendi numquam.', '2020-01-11 02:40:48', '2011-08-28 13:49:42');
INSERT INTO `post` (`id`, `content`, `created_at`, `updated_at`) VALUES (84, 'Distinctio repellat ut perspiciatis corporis et eum. Hic non architecto repudiandae et voluptas eaque perspiciatis. Voluptatibus nulla qui quia ut rerum. Expedita non dolores nihil veritatis.', '2006-07-25 05:39:25', '2013-04-11 07:25:00');
INSERT INTO `post` (`id`, `content`, `created_at`, `updated_at`) VALUES (85, 'Et veniam facere et repellat quaerat nisi. Quam cumque dicta est eius. Labore soluta et qui voluptate exercitationem eum et.', '1988-01-15 04:03:42', '1973-03-17 08:09:51');
INSERT INTO `post` (`id`, `content`, `created_at`, `updated_at`) VALUES (86, 'Sunt asperiores quasi qui. Ipsum blanditiis omnis suscipit qui. Soluta eos unde amet consequuntur non eum et similique. Sit qui dolorem reprehenderit eligendi qui.', '2017-01-16 04:07:55', '2020-08-08 11:03:44');
INSERT INTO `post` (`id`, `content`, `created_at`, `updated_at`) VALUES (87, 'Dolores ea tempore recusandae quidem pariatur et assumenda. Et distinctio et illum suscipit dolore aut sed. Vitae in ut iure omnis quisquam aliquid ipsum. Consequatur et quas iusto odio molestiae et.', '1998-05-05 15:23:11', '1975-01-11 23:05:38');
INSERT INTO `post` (`id`, `content`, `created_at`, `updated_at`) VALUES (88, 'Minima voluptas accusantium illo in quia quo voluptatum. Mollitia eveniet ea suscipit ipsum aspernatur repellat quibusdam. Voluptatem at omnis ut.', '2016-03-15 11:20:28', '1999-10-18 03:31:17');
INSERT INTO `post` (`id`, `content`, `created_at`, `updated_at`) VALUES (89, 'Numquam error rerum aliquam fugiat. Placeat quia unde omnis iure ullam veritatis fuga. Deleniti officia adipisci iure nobis. Eos ipsam est in.', '1975-12-22 22:34:32', '2001-06-08 02:06:33');
INSERT INTO `post` (`id`, `content`, `created_at`, `updated_at`) VALUES (90, 'Quae facilis excepturi voluptatem omnis. Officiis facere nemo et quasi perferendis atque. Eum est eum dolor consequatur ut perferendis possimus.', '1990-01-09 14:31:25', '1987-08-28 14:10:35');
INSERT INTO `post` (`id`, `content`, `created_at`, `updated_at`) VALUES (91, 'Deleniti qui odit rerum repellendus libero aut. Laborum velit rerum iste dicta vel. Blanditiis iste provident rerum quibusdam nemo quia enim quod.', '2015-06-03 20:39:39', '1996-07-08 18:29:22');
INSERT INTO `post` (`id`, `content`, `created_at`, `updated_at`) VALUES (92, 'At et numquam voluptas. Adipisci quaerat reiciendis voluptatem alias perferendis et.\nQuia saepe quos laudantium non qui voluptates voluptas. Eaque magnam sapiente eos voluptatem quibusdam.', '1999-08-27 05:13:33', '1990-02-27 10:51:12');
INSERT INTO `post` (`id`, `content`, `created_at`, `updated_at`) VALUES (93, 'Rerum ipsum debitis rerum qui vero atque. Dolores fugiat ad quidem non cumque consequuntur. At at delectus omnis maxime.', '1996-03-09 09:41:39', '2007-12-31 10:17:35');
INSERT INTO `post` (`id`, `content`, `created_at`, `updated_at`) VALUES (94, 'Est tempore inventore repellat ipsum expedita. Eum non quia laborum aperiam repellendus. Voluptas suscipit vel repudiandae aliquam perspiciatis praesentium. Impedit quia iste facilis harum.', '2011-06-01 15:03:09', '1971-11-28 00:36:25');
INSERT INTO `post` (`id`, `content`, `created_at`, `updated_at`) VALUES (95, 'Officia odit iste maxime rerum. Aut repellat corporis quis voluptates optio fuga. Nihil enim saepe eaque consequatur provident eum.', '1984-02-26 18:11:17', '1970-12-17 13:12:04');
INSERT INTO `post` (`id`, `content`, `created_at`, `updated_at`) VALUES (96, 'Voluptatibus ut necessitatibus veniam sed voluptas exercitationem. Fugiat quam atque impedit laudantium quam quis quisquam. Exercitationem repellendus nulla ut autem provident impedit.', '2018-10-27 09:41:03', '1999-03-06 23:06:40');
INSERT INTO `post` (`id`, `content`, `created_at`, `updated_at`) VALUES (97, 'Aut et explicabo ea numquam quam. Omnis soluta quis occaecati laborum et aliquid est beatae. Hic vitae non aperiam distinctio placeat. Et distinctio amet non beatae tempora rerum earum.', '1981-08-11 01:39:33', '2000-02-21 21:17:53');
INSERT INTO `post` (`id`, `content`, `created_at`, `updated_at`) VALUES (98, 'Fugit natus quia error non nihil. Ut dolor hic accusantium non possimus. Omnis quaerat sed quod qui minus alias voluptate. Culpa harum ut aut quaerat.', '1993-02-14 14:35:33', '1978-09-10 22:26:10');
INSERT INTO `post` (`id`, `content`, `created_at`, `updated_at`) VALUES (99, 'Et ea iure et adipisci. Facilis doloribus ut culpa asperiores corporis voluptatem quibusdam. Harum delectus quasi cupiditate ea.', '2003-04-26 03:54:50', '1985-10-19 09:45:38');
INSERT INTO `post` (`id`, `content`, `created_at`, `updated_at`) VALUES (100, 'Accusamus ad repudiandae assumenda sequi. Sed illum qui suscipit quidem deleniti. A nemo nihil molestiae aut aliquid quia autem. Sunt deleniti sint et impedit dolores ut quis.', '1988-04-04 04:53:41', '1996-05-23 22:49:21');


#
# TABLE STRUCTURE FOR: post_like
#

DROP TABLE IF EXISTS `post_like`;

CREATE TABLE `post_like` (
  `post_id` int(10) unsigned NOT NULL COMMENT 'Ссылка на id поста',
  `user_id` int(10) unsigned NOT NULL COMMENT 'Ссылка на id пользователя',
  `status_like` tinyint(1) DEFAULT NULL COMMENT 'статус лайка',
  `created_at` datetime DEFAULT current_timestamp() COMMENT 'Время создания строки',
  `updated_at` datetime DEFAULT current_timestamp() ON UPDATE current_timestamp() COMMENT 'Время обновления строки',
  PRIMARY KEY (`post_id`,`user_id`) COMMENT 'Составной первичный ключ'
) ENGINE=InnoDB DEFAULT CHARSET=utf8 COLLATE=utf8_unicode_ci COMMENT='Лайки постов';

INSERT INTO `post_like` (`post_id`, `user_id`, `status_like`, `created_at`, `updated_at`) VALUES (1, 1, 1, '1997-09-27 11:55:01', '2012-01-19 07:51:17');
INSERT INTO `post_like` (`post_id`, `user_id`, `status_like`, `created_at`, `updated_at`) VALUES (1, 101, 1, '1986-03-03 17:47:57', '2009-08-03 17:14:51');
INSERT INTO `post_like` (`post_id`, `user_id`, `status_like`, `created_at`, `updated_at`) VALUES (2, 2, 0, '1971-06-27 04:50:58', '1999-02-19 23:00:23');
INSERT INTO `post_like` (`post_id`, `user_id`, `status_like`, `created_at`, `updated_at`) VALUES (2, 102, 0, '2004-09-17 09:25:11', '1975-12-05 17:31:18');
INSERT INTO `post_like` (`post_id`, `user_id`, `status_like`, `created_at`, `updated_at`) VALUES (3, 3, 1, '2014-03-28 02:43:02', '1988-10-04 20:48:13');
INSERT INTO `post_like` (`post_id`, `user_id`, `status_like`, `created_at`, `updated_at`) VALUES (3, 103, 1, '1980-05-18 23:41:09', '1988-05-20 17:59:31');
INSERT INTO `post_like` (`post_id`, `user_id`, `status_like`, `created_at`, `updated_at`) VALUES (4, 4, 1, '2020-12-01 15:19:03', '1990-02-17 17:24:35');
INSERT INTO `post_like` (`post_id`, `user_id`, `status_like`, `created_at`, `updated_at`) VALUES (4, 104, 0, '1972-12-04 04:28:22', '1994-08-02 09:37:01');
INSERT INTO `post_like` (`post_id`, `user_id`, `status_like`, `created_at`, `updated_at`) VALUES (5, 5, 0, '1984-11-24 08:13:10', '1990-08-03 16:56:43');
INSERT INTO `post_like` (`post_id`, `user_id`, `status_like`, `created_at`, `updated_at`) VALUES (5, 105, 1, '2001-06-14 21:30:07', '1984-11-14 13:51:32');
INSERT INTO `post_like` (`post_id`, `user_id`, `status_like`, `created_at`, `updated_at`) VALUES (6, 6, 1, '1980-12-03 10:00:23', '2018-02-19 23:37:33');
INSERT INTO `post_like` (`post_id`, `user_id`, `status_like`, `created_at`, `updated_at`) VALUES (6, 106, 1, '2008-04-01 05:42:10', '1985-03-08 22:36:36');
INSERT INTO `post_like` (`post_id`, `user_id`, `status_like`, `created_at`, `updated_at`) VALUES (7, 7, 1, '2002-04-17 18:23:13', '2019-10-28 09:40:12');
INSERT INTO `post_like` (`post_id`, `user_id`, `status_like`, `created_at`, `updated_at`) VALUES (7, 107, 1, '2001-07-22 01:09:22', '1972-05-05 14:22:25');
INSERT INTO `post_like` (`post_id`, `user_id`, `status_like`, `created_at`, `updated_at`) VALUES (8, 8, 0, '1996-05-02 23:10:24', '2010-05-27 15:28:55');
INSERT INTO `post_like` (`post_id`, `user_id`, `status_like`, `created_at`, `updated_at`) VALUES (8, 108, 1, '1989-03-12 13:25:15', '1992-04-16 13:01:35');
INSERT INTO `post_like` (`post_id`, `user_id`, `status_like`, `created_at`, `updated_at`) VALUES (9, 9, 1, '2002-03-01 21:40:29', '1981-12-18 23:06:03');
INSERT INTO `post_like` (`post_id`, `user_id`, `status_like`, `created_at`, `updated_at`) VALUES (9, 109, 0, '2007-06-23 10:39:57', '2016-04-13 19:41:52');
INSERT INTO `post_like` (`post_id`, `user_id`, `status_like`, `created_at`, `updated_at`) VALUES (10, 10, 0, '2013-03-04 13:20:53', '2008-02-27 05:33:47');
INSERT INTO `post_like` (`post_id`, `user_id`, `status_like`, `created_at`, `updated_at`) VALUES (10, 110, 1, '2007-02-24 13:07:30', '1990-12-19 16:55:35');
INSERT INTO `post_like` (`post_id`, `user_id`, `status_like`, `created_at`, `updated_at`) VALUES (11, 11, 0, '1977-08-05 05:38:49', '2014-11-30 18:58:58');
INSERT INTO `post_like` (`post_id`, `user_id`, `status_like`, `created_at`, `updated_at`) VALUES (11, 111, 0, '1970-01-04 22:37:37', '2020-12-11 12:21:41');
INSERT INTO `post_like` (`post_id`, `user_id`, `status_like`, `created_at`, `updated_at`) VALUES (12, 12, 1, '1999-05-17 00:47:32', '1995-12-25 15:06:11');
INSERT INTO `post_like` (`post_id`, `user_id`, `status_like`, `created_at`, `updated_at`) VALUES (12, 112, 0, '1971-06-20 19:56:46', '1971-08-10 04:25:35');
INSERT INTO `post_like` (`post_id`, `user_id`, `status_like`, `created_at`, `updated_at`) VALUES (13, 13, 1, '1985-08-21 23:46:56', '1984-08-14 14:48:49');
INSERT INTO `post_like` (`post_id`, `user_id`, `status_like`, `created_at`, `updated_at`) VALUES (13, 113, 0, '1999-10-02 11:56:56', '2004-05-27 23:07:49');
INSERT INTO `post_like` (`post_id`, `user_id`, `status_like`, `created_at`, `updated_at`) VALUES (14, 14, 1, '1986-12-19 09:30:03', '2015-02-18 20:27:06');
INSERT INTO `post_like` (`post_id`, `user_id`, `status_like`, `created_at`, `updated_at`) VALUES (14, 114, 0, '2017-04-26 21:21:43', '2012-03-21 04:55:40');
INSERT INTO `post_like` (`post_id`, `user_id`, `status_like`, `created_at`, `updated_at`) VALUES (15, 15, 0, '2017-11-05 20:09:07', '2019-07-04 14:12:58');
INSERT INTO `post_like` (`post_id`, `user_id`, `status_like`, `created_at`, `updated_at`) VALUES (15, 115, 0, '2008-09-06 22:24:58', '2009-10-28 14:51:20');
INSERT INTO `post_like` (`post_id`, `user_id`, `status_like`, `created_at`, `updated_at`) VALUES (16, 16, 1, '1994-11-30 05:13:39', '1975-09-21 19:23:32');
INSERT INTO `post_like` (`post_id`, `user_id`, `status_like`, `created_at`, `updated_at`) VALUES (16, 116, 1, '1989-02-12 06:59:01', '1980-08-01 22:09:49');
INSERT INTO `post_like` (`post_id`, `user_id`, `status_like`, `created_at`, `updated_at`) VALUES (17, 17, 0, '1993-06-16 23:10:20', '1977-10-07 08:56:49');
INSERT INTO `post_like` (`post_id`, `user_id`, `status_like`, `created_at`, `updated_at`) VALUES (17, 117, 1, '1991-11-21 14:36:48', '1993-04-07 10:33:42');
INSERT INTO `post_like` (`post_id`, `user_id`, `status_like`, `created_at`, `updated_at`) VALUES (18, 18, 1, '1971-02-08 04:05:12', '2018-01-08 19:40:51');
INSERT INTO `post_like` (`post_id`, `user_id`, `status_like`, `created_at`, `updated_at`) VALUES (18, 118, 0, '1985-12-15 00:01:47', '2007-02-28 13:23:22');
INSERT INTO `post_like` (`post_id`, `user_id`, `status_like`, `created_at`, `updated_at`) VALUES (19, 19, 0, '1992-07-09 00:18:39', '2015-07-07 21:42:32');
INSERT INTO `post_like` (`post_id`, `user_id`, `status_like`, `created_at`, `updated_at`) VALUES (19, 119, 0, '1993-09-21 08:45:54', '2012-11-11 03:31:52');
INSERT INTO `post_like` (`post_id`, `user_id`, `status_like`, `created_at`, `updated_at`) VALUES (20, 20, 0, '1984-04-28 10:06:14', '1973-07-04 11:04:41');
INSERT INTO `post_like` (`post_id`, `user_id`, `status_like`, `created_at`, `updated_at`) VALUES (20, 120, 0, '1997-06-28 21:17:56', '1985-01-05 01:47:42');
INSERT INTO `post_like` (`post_id`, `user_id`, `status_like`, `created_at`, `updated_at`) VALUES (21, 21, 0, '1991-06-09 11:12:03', '1988-02-28 20:06:38');
INSERT INTO `post_like` (`post_id`, `user_id`, `status_like`, `created_at`, `updated_at`) VALUES (21, 121, 0, '1979-06-23 20:37:06', '1985-01-09 11:16:12');
INSERT INTO `post_like` (`post_id`, `user_id`, `status_like`, `created_at`, `updated_at`) VALUES (22, 22, 1, '2011-08-10 02:55:20', '1971-02-28 00:15:53');
INSERT INTO `post_like` (`post_id`, `user_id`, `status_like`, `created_at`, `updated_at`) VALUES (22, 122, 1, '1970-11-09 14:39:09', '1970-03-09 04:54:05');
INSERT INTO `post_like` (`post_id`, `user_id`, `status_like`, `created_at`, `updated_at`) VALUES (23, 23, 1, '2000-12-09 01:25:16', '1978-03-24 03:03:52');
INSERT INTO `post_like` (`post_id`, `user_id`, `status_like`, `created_at`, `updated_at`) VALUES (23, 123, 1, '1992-07-21 14:36:14', '1979-06-20 06:49:48');
INSERT INTO `post_like` (`post_id`, `user_id`, `status_like`, `created_at`, `updated_at`) VALUES (24, 24, 1, '1987-02-12 19:25:37', '1994-10-21 14:26:57');
INSERT INTO `post_like` (`post_id`, `user_id`, `status_like`, `created_at`, `updated_at`) VALUES (24, 124, 0, '2007-09-26 18:20:53', '1974-08-20 00:31:39');
INSERT INTO `post_like` (`post_id`, `user_id`, `status_like`, `created_at`, `updated_at`) VALUES (25, 25, 0, '1981-09-09 17:37:51', '2018-10-29 11:07:27');
INSERT INTO `post_like` (`post_id`, `user_id`, `status_like`, `created_at`, `updated_at`) VALUES (25, 125, 1, '1986-04-09 00:14:35', '1993-05-25 23:30:16');
INSERT INTO `post_like` (`post_id`, `user_id`, `status_like`, `created_at`, `updated_at`) VALUES (26, 26, 1, '2019-04-19 16:09:57', '2003-06-04 23:14:57');
INSERT INTO `post_like` (`post_id`, `user_id`, `status_like`, `created_at`, `updated_at`) VALUES (26, 126, 0, '1978-06-04 18:57:24', '2003-03-22 09:58:48');
INSERT INTO `post_like` (`post_id`, `user_id`, `status_like`, `created_at`, `updated_at`) VALUES (27, 27, 1, '1989-02-14 07:30:40', '2001-02-28 01:19:37');
INSERT INTO `post_like` (`post_id`, `user_id`, `status_like`, `created_at`, `updated_at`) VALUES (27, 127, 1, '1989-02-27 02:31:08', '2010-10-28 23:47:04');
INSERT INTO `post_like` (`post_id`, `user_id`, `status_like`, `created_at`, `updated_at`) VALUES (28, 28, 0, '1980-02-07 14:05:38', '1999-01-03 06:25:25');
INSERT INTO `post_like` (`post_id`, `user_id`, `status_like`, `created_at`, `updated_at`) VALUES (28, 128, 0, '2014-09-25 05:01:08', '2020-08-21 04:49:08');
INSERT INTO `post_like` (`post_id`, `user_id`, `status_like`, `created_at`, `updated_at`) VALUES (29, 29, 1, '1982-02-05 02:31:12', '1971-06-04 13:06:40');
INSERT INTO `post_like` (`post_id`, `user_id`, `status_like`, `created_at`, `updated_at`) VALUES (29, 129, 1, '1973-10-21 12:37:44', '2008-03-28 21:34:03');
INSERT INTO `post_like` (`post_id`, `user_id`, `status_like`, `created_at`, `updated_at`) VALUES (30, 30, 1, '2001-11-22 14:38:08', '2012-07-21 12:39:53');
INSERT INTO `post_like` (`post_id`, `user_id`, `status_like`, `created_at`, `updated_at`) VALUES (30, 130, 0, '1987-10-20 01:54:41', '2012-07-20 17:17:57');
INSERT INTO `post_like` (`post_id`, `user_id`, `status_like`, `created_at`, `updated_at`) VALUES (31, 31, 1, '1987-08-25 13:11:07', '1987-08-14 01:36:05');
INSERT INTO `post_like` (`post_id`, `user_id`, `status_like`, `created_at`, `updated_at`) VALUES (31, 131, 1, '1986-08-09 10:29:50', '1970-10-29 06:56:27');
INSERT INTO `post_like` (`post_id`, `user_id`, `status_like`, `created_at`, `updated_at`) VALUES (32, 32, 0, '2008-02-16 16:43:56', '1992-12-12 06:45:46');
INSERT INTO `post_like` (`post_id`, `user_id`, `status_like`, `created_at`, `updated_at`) VALUES (32, 132, 0, '2013-03-15 20:58:05', '1981-08-21 06:12:31');
INSERT INTO `post_like` (`post_id`, `user_id`, `status_like`, `created_at`, `updated_at`) VALUES (33, 33, 0, '2005-05-02 03:57:24', '2006-01-31 11:49:09');
INSERT INTO `post_like` (`post_id`, `user_id`, `status_like`, `created_at`, `updated_at`) VALUES (33, 133, 1, '2014-11-03 19:00:53', '1991-03-30 18:29:34');
INSERT INTO `post_like` (`post_id`, `user_id`, `status_like`, `created_at`, `updated_at`) VALUES (34, 34, 0, '2001-09-22 02:28:23', '2005-07-12 11:55:36');
INSERT INTO `post_like` (`post_id`, `user_id`, `status_like`, `created_at`, `updated_at`) VALUES (34, 134, 1, '2015-10-12 03:08:12', '2015-05-20 16:12:24');
INSERT INTO `post_like` (`post_id`, `user_id`, `status_like`, `created_at`, `updated_at`) VALUES (35, 35, 1, '2003-07-06 01:54:52', '1975-08-09 15:31:46');
INSERT INTO `post_like` (`post_id`, `user_id`, `status_like`, `created_at`, `updated_at`) VALUES (35, 135, 0, '2009-08-14 20:10:29', '2017-03-29 04:54:53');
INSERT INTO `post_like` (`post_id`, `user_id`, `status_like`, `created_at`, `updated_at`) VALUES (36, 36, 0, '1974-07-11 22:15:23', '2008-06-02 00:14:38');
INSERT INTO `post_like` (`post_id`, `user_id`, `status_like`, `created_at`, `updated_at`) VALUES (36, 136, 0, '1975-07-31 12:33:59', '1980-03-26 06:18:57');
INSERT INTO `post_like` (`post_id`, `user_id`, `status_like`, `created_at`, `updated_at`) VALUES (37, 37, 1, '1980-06-19 01:08:16', '2010-10-02 21:19:02');
INSERT INTO `post_like` (`post_id`, `user_id`, `status_like`, `created_at`, `updated_at`) VALUES (37, 137, 1, '1977-01-01 06:53:00', '2011-02-06 20:52:58');
INSERT INTO `post_like` (`post_id`, `user_id`, `status_like`, `created_at`, `updated_at`) VALUES (38, 38, 0, '1974-06-01 05:08:08', '2011-12-11 15:02:37');
INSERT INTO `post_like` (`post_id`, `user_id`, `status_like`, `created_at`, `updated_at`) VALUES (38, 138, 0, '2012-10-22 04:44:49', '1971-12-27 17:45:15');
INSERT INTO `post_like` (`post_id`, `user_id`, `status_like`, `created_at`, `updated_at`) VALUES (39, 39, 1, '2007-06-22 05:28:14', '1975-06-16 00:22:00');
INSERT INTO `post_like` (`post_id`, `user_id`, `status_like`, `created_at`, `updated_at`) VALUES (39, 139, 1, '2008-08-12 23:12:51', '2015-05-29 23:38:43');
INSERT INTO `post_like` (`post_id`, `user_id`, `status_like`, `created_at`, `updated_at`) VALUES (40, 40, 0, '2016-06-30 03:17:39', '1974-10-14 12:16:15');
INSERT INTO `post_like` (`post_id`, `user_id`, `status_like`, `created_at`, `updated_at`) VALUES (40, 140, 0, '2005-07-27 16:59:24', '2017-09-17 22:51:12');
INSERT INTO `post_like` (`post_id`, `user_id`, `status_like`, `created_at`, `updated_at`) VALUES (41, 41, 0, '1983-03-03 12:27:59', '2017-08-21 01:22:19');
INSERT INTO `post_like` (`post_id`, `user_id`, `status_like`, `created_at`, `updated_at`) VALUES (41, 141, 0, '2008-12-08 15:22:40', '2013-11-24 13:31:22');
INSERT INTO `post_like` (`post_id`, `user_id`, `status_like`, `created_at`, `updated_at`) VALUES (42, 42, 0, '1970-05-12 15:51:40', '2010-08-24 12:59:21');
INSERT INTO `post_like` (`post_id`, `user_id`, `status_like`, `created_at`, `updated_at`) VALUES (42, 142, 1, '2010-09-02 20:32:08', '1998-11-27 21:42:36');
INSERT INTO `post_like` (`post_id`, `user_id`, `status_like`, `created_at`, `updated_at`) VALUES (43, 43, 0, '1986-07-23 00:53:41', '1998-06-24 02:00:17');
INSERT INTO `post_like` (`post_id`, `user_id`, `status_like`, `created_at`, `updated_at`) VALUES (43, 143, 0, '1985-01-28 11:02:49', '1993-12-04 02:35:40');
INSERT INTO `post_like` (`post_id`, `user_id`, `status_like`, `created_at`, `updated_at`) VALUES (44, 44, 1, '2006-01-02 14:04:01', '1970-02-19 05:17:58');
INSERT INTO `post_like` (`post_id`, `user_id`, `status_like`, `created_at`, `updated_at`) VALUES (44, 144, 0, '1993-03-12 03:27:36', '2002-12-03 16:52:41');
INSERT INTO `post_like` (`post_id`, `user_id`, `status_like`, `created_at`, `updated_at`) VALUES (45, 45, 0, '2013-05-01 12:49:53', '1979-02-14 22:00:16');
INSERT INTO `post_like` (`post_id`, `user_id`, `status_like`, `created_at`, `updated_at`) VALUES (45, 145, 1, '2019-11-08 12:07:15', '1986-09-28 03:16:23');
INSERT INTO `post_like` (`post_id`, `user_id`, `status_like`, `created_at`, `updated_at`) VALUES (46, 46, 0, '2008-06-03 20:12:16', '2006-06-09 16:26:10');
INSERT INTO `post_like` (`post_id`, `user_id`, `status_like`, `created_at`, `updated_at`) VALUES (46, 146, 0, '1990-08-05 19:13:45', '2016-11-27 09:53:00');
INSERT INTO `post_like` (`post_id`, `user_id`, `status_like`, `created_at`, `updated_at`) VALUES (47, 47, 0, '1974-01-26 04:06:14', '1985-03-13 04:25:23');
INSERT INTO `post_like` (`post_id`, `user_id`, `status_like`, `created_at`, `updated_at`) VALUES (47, 147, 0, '2000-04-27 11:37:40', '1979-09-28 04:05:08');
INSERT INTO `post_like` (`post_id`, `user_id`, `status_like`, `created_at`, `updated_at`) VALUES (48, 48, 0, '2013-08-09 16:40:42', '1979-11-09 20:47:21');
INSERT INTO `post_like` (`post_id`, `user_id`, `status_like`, `created_at`, `updated_at`) VALUES (48, 148, 0, '1990-10-16 12:54:07', '2016-11-11 02:00:40');
INSERT INTO `post_like` (`post_id`, `user_id`, `status_like`, `created_at`, `updated_at`) VALUES (49, 49, 0, '1999-03-04 09:14:35', '1972-03-19 16:45:20');
INSERT INTO `post_like` (`post_id`, `user_id`, `status_like`, `created_at`, `updated_at`) VALUES (49, 149, 1, '1973-08-20 13:19:48', '1995-12-26 16:00:55');
INSERT INTO `post_like` (`post_id`, `user_id`, `status_like`, `created_at`, `updated_at`) VALUES (50, 50, 1, '2003-08-17 07:46:27', '2012-07-30 20:07:28');
INSERT INTO `post_like` (`post_id`, `user_id`, `status_like`, `created_at`, `updated_at`) VALUES (50, 150, 1, '1994-03-15 19:16:44', '1970-03-20 04:36:35');
INSERT INTO `post_like` (`post_id`, `user_id`, `status_like`, `created_at`, `updated_at`) VALUES (51, 51, 0, '1978-06-12 07:22:11', '1995-11-18 06:33:50');
INSERT INTO `post_like` (`post_id`, `user_id`, `status_like`, `created_at`, `updated_at`) VALUES (52, 52, 1, '2005-11-17 05:39:15', '1970-09-10 17:27:30');
INSERT INTO `post_like` (`post_id`, `user_id`, `status_like`, `created_at`, `updated_at`) VALUES (53, 53, 1, '1989-01-04 05:20:43', '1973-08-14 18:10:39');
INSERT INTO `post_like` (`post_id`, `user_id`, `status_like`, `created_at`, `updated_at`) VALUES (54, 54, 1, '2010-07-17 07:28:00', '2016-07-31 05:40:27');
INSERT INTO `post_like` (`post_id`, `user_id`, `status_like`, `created_at`, `updated_at`) VALUES (55, 55, 0, '1980-02-06 17:28:16', '2014-02-18 05:51:19');
INSERT INTO `post_like` (`post_id`, `user_id`, `status_like`, `created_at`, `updated_at`) VALUES (56, 56, 1, '2007-01-08 03:41:50', '2002-07-31 22:14:20');
INSERT INTO `post_like` (`post_id`, `user_id`, `status_like`, `created_at`, `updated_at`) VALUES (57, 57, 1, '1976-04-13 19:37:17', '2008-10-19 03:57:58');
INSERT INTO `post_like` (`post_id`, `user_id`, `status_like`, `created_at`, `updated_at`) VALUES (58, 58, 1, '2010-06-29 00:28:19', '2005-03-27 20:06:56');
INSERT INTO `post_like` (`post_id`, `user_id`, `status_like`, `created_at`, `updated_at`) VALUES (59, 59, 0, '1981-12-23 05:17:59', '1990-08-11 06:01:16');
INSERT INTO `post_like` (`post_id`, `user_id`, `status_like`, `created_at`, `updated_at`) VALUES (60, 60, 0, '1977-12-04 11:35:54', '1974-10-29 06:53:06');
INSERT INTO `post_like` (`post_id`, `user_id`, `status_like`, `created_at`, `updated_at`) VALUES (61, 61, 1, '2002-05-04 22:59:29', '2015-02-02 12:12:53');
INSERT INTO `post_like` (`post_id`, `user_id`, `status_like`, `created_at`, `updated_at`) VALUES (62, 62, 0, '1973-03-08 17:41:24', '2011-10-23 14:14:44');
INSERT INTO `post_like` (`post_id`, `user_id`, `status_like`, `created_at`, `updated_at`) VALUES (63, 63, 0, '1990-11-05 01:34:43', '2016-02-14 08:09:46');
INSERT INTO `post_like` (`post_id`, `user_id`, `status_like`, `created_at`, `updated_at`) VALUES (64, 64, 0, '1992-06-20 23:36:02', '1986-07-26 23:19:18');
INSERT INTO `post_like` (`post_id`, `user_id`, `status_like`, `created_at`, `updated_at`) VALUES (65, 65, 0, '1980-06-03 01:16:51', '2008-08-20 20:06:30');
INSERT INTO `post_like` (`post_id`, `user_id`, `status_like`, `created_at`, `updated_at`) VALUES (66, 66, 0, '2010-06-02 22:40:38', '2012-03-06 04:18:34');
INSERT INTO `post_like` (`post_id`, `user_id`, `status_like`, `created_at`, `updated_at`) VALUES (67, 67, 0, '1975-02-25 04:27:49', '1977-08-12 01:11:09');
INSERT INTO `post_like` (`post_id`, `user_id`, `status_like`, `created_at`, `updated_at`) VALUES (68, 68, 0, '2010-03-12 19:10:27', '1975-05-17 21:03:37');
INSERT INTO `post_like` (`post_id`, `user_id`, `status_like`, `created_at`, `updated_at`) VALUES (69, 69, 1, '2011-11-09 11:17:47', '1986-03-02 05:04:22');
INSERT INTO `post_like` (`post_id`, `user_id`, `status_like`, `created_at`, `updated_at`) VALUES (70, 70, 0, '1974-08-03 03:06:20', '1998-01-01 17:15:02');
INSERT INTO `post_like` (`post_id`, `user_id`, `status_like`, `created_at`, `updated_at`) VALUES (71, 71, 1, '2002-07-10 07:17:23', '2019-12-20 14:33:02');
INSERT INTO `post_like` (`post_id`, `user_id`, `status_like`, `created_at`, `updated_at`) VALUES (72, 72, 0, '1974-12-16 13:48:58', '1997-03-14 11:16:25');
INSERT INTO `post_like` (`post_id`, `user_id`, `status_like`, `created_at`, `updated_at`) VALUES (73, 73, 1, '1996-01-23 02:33:41', '1971-01-18 11:24:29');
INSERT INTO `post_like` (`post_id`, `user_id`, `status_like`, `created_at`, `updated_at`) VALUES (74, 74, 1, '1974-08-30 07:09:27', '2002-11-20 09:51:01');
INSERT INTO `post_like` (`post_id`, `user_id`, `status_like`, `created_at`, `updated_at`) VALUES (75, 75, 1, '2017-12-13 12:20:13', '1975-03-02 07:51:07');
INSERT INTO `post_like` (`post_id`, `user_id`, `status_like`, `created_at`, `updated_at`) VALUES (76, 76, 0, '2002-11-30 22:44:10', '1983-11-24 19:09:32');
INSERT INTO `post_like` (`post_id`, `user_id`, `status_like`, `created_at`, `updated_at`) VALUES (77, 77, 1, '1979-05-20 01:49:07', '1973-06-06 08:20:34');
INSERT INTO `post_like` (`post_id`, `user_id`, `status_like`, `created_at`, `updated_at`) VALUES (78, 78, 0, '2018-01-13 11:27:40', '1996-10-09 09:43:51');
INSERT INTO `post_like` (`post_id`, `user_id`, `status_like`, `created_at`, `updated_at`) VALUES (79, 79, 0, '2006-04-05 11:16:14', '1984-07-29 19:42:19');
INSERT INTO `post_like` (`post_id`, `user_id`, `status_like`, `created_at`, `updated_at`) VALUES (80, 80, 0, '1984-04-14 03:41:05', '1999-11-15 09:17:24');
INSERT INTO `post_like` (`post_id`, `user_id`, `status_like`, `created_at`, `updated_at`) VALUES (81, 81, 0, '2008-07-18 08:59:18', '1999-03-23 04:04:07');
INSERT INTO `post_like` (`post_id`, `user_id`, `status_like`, `created_at`, `updated_at`) VALUES (82, 82, 0, '2007-03-18 07:21:52', '1979-01-28 19:46:36');
INSERT INTO `post_like` (`post_id`, `user_id`, `status_like`, `created_at`, `updated_at`) VALUES (83, 83, 0, '2005-03-17 21:39:21', '2018-03-22 19:04:25');
INSERT INTO `post_like` (`post_id`, `user_id`, `status_like`, `created_at`, `updated_at`) VALUES (84, 84, 1, '1990-06-07 15:11:50', '1974-05-09 14:33:28');
INSERT INTO `post_like` (`post_id`, `user_id`, `status_like`, `created_at`, `updated_at`) VALUES (85, 85, 1, '2008-08-13 23:37:07', '1985-10-03 06:12:38');
INSERT INTO `post_like` (`post_id`, `user_id`, `status_like`, `created_at`, `updated_at`) VALUES (86, 86, 0, '2011-09-13 20:57:55', '1991-08-10 18:34:37');
INSERT INTO `post_like` (`post_id`, `user_id`, `status_like`, `created_at`, `updated_at`) VALUES (87, 87, 1, '2011-04-04 09:16:08', '1986-01-16 01:15:22');
INSERT INTO `post_like` (`post_id`, `user_id`, `status_like`, `created_at`, `updated_at`) VALUES (88, 88, 1, '2003-08-07 06:22:59', '2013-09-04 14:09:20');
INSERT INTO `post_like` (`post_id`, `user_id`, `status_like`, `created_at`, `updated_at`) VALUES (89, 89, 1, '1991-04-29 23:11:45', '2000-04-25 03:12:03');
INSERT INTO `post_like` (`post_id`, `user_id`, `status_like`, `created_at`, `updated_at`) VALUES (90, 90, 0, '1974-10-22 16:45:20', '2010-02-16 20:23:08');
INSERT INTO `post_like` (`post_id`, `user_id`, `status_like`, `created_at`, `updated_at`) VALUES (91, 91, 1, '2004-02-25 18:59:18', '1987-12-19 22:41:42');
INSERT INTO `post_like` (`post_id`, `user_id`, `status_like`, `created_at`, `updated_at`) VALUES (92, 92, 0, '1996-06-20 19:45:44', '1995-03-05 14:26:10');
INSERT INTO `post_like` (`post_id`, `user_id`, `status_like`, `created_at`, `updated_at`) VALUES (93, 93, 1, '1997-05-04 02:45:08', '2011-07-09 04:35:26');
INSERT INTO `post_like` (`post_id`, `user_id`, `status_like`, `created_at`, `updated_at`) VALUES (94, 94, 1, '2017-01-10 20:08:21', '2020-10-11 08:38:30');
INSERT INTO `post_like` (`post_id`, `user_id`, `status_like`, `created_at`, `updated_at`) VALUES (95, 95, 1, '2016-02-14 12:13:53', '1997-11-21 02:51:29');
INSERT INTO `post_like` (`post_id`, `user_id`, `status_like`, `created_at`, `updated_at`) VALUES (96, 96, 0, '1980-06-10 09:48:50', '1972-10-02 11:08:08');
INSERT INTO `post_like` (`post_id`, `user_id`, `status_like`, `created_at`, `updated_at`) VALUES (97, 97, 0, '2010-02-06 05:45:35', '2006-11-23 20:54:24');
INSERT INTO `post_like` (`post_id`, `user_id`, `status_like`, `created_at`, `updated_at`) VALUES (98, 98, 1, '2009-04-04 16:08:42', '2015-09-04 12:05:23');
INSERT INTO `post_like` (`post_id`, `user_id`, `status_like`, `created_at`, `updated_at`) VALUES (99, 99, 0, '1999-11-30 12:26:09', '1990-01-13 11:36:48');
INSERT INTO `post_like` (`post_id`, `user_id`, `status_like`, `created_at`, `updated_at`) VALUES (100, 100, 0, '1989-12-30 04:56:49', '1993-05-09 19:25:38');


#
# TABLE STRUCTURE FOR: user_like
#

DROP TABLE IF EXISTS `user_like`;

CREATE TABLE `user_like` (
  `user_id` int(10) unsigned NOT NULL COMMENT 'Ссылка на пользователя который лайкает',
  `liked_user_id` int(10) unsigned NOT NULL COMMENT 'Ссылка на получателя которого лайкают',
  `status_like` tinyint(1) DEFAULT NULL COMMENT 'статус лайка',
  `created_at` datetime DEFAULT current_timestamp() COMMENT 'Время создания строки',
  `updated_at` datetime DEFAULT current_timestamp() ON UPDATE current_timestamp() COMMENT 'Время обновления строки',
  PRIMARY KEY (`user_id`,`liked_user_id`) COMMENT 'Составной первичный ключ'
) ENGINE=InnoDB DEFAULT CHARSET=utf8 COLLATE=utf8_unicode_ci COMMENT='Таблица лайков пользователей';

INSERT INTO `user_like` (`user_id`, `liked_user_id`, `status_like`, `created_at`, `updated_at`) VALUES (1, 135, 1, '2012-10-16 11:05:14', '2016-12-20 23:14:20');
INSERT INTO `user_like` (`user_id`, `liked_user_id`, `status_like`, `created_at`, `updated_at`) VALUES (2, 137, 0, '2002-03-15 02:10:54', '2002-01-25 13:26:19');
INSERT INTO `user_like` (`user_id`, `liked_user_id`, `status_like`, `created_at`, `updated_at`) VALUES (3, 143, 0, '1980-02-26 20:43:39', '1995-12-15 20:55:41');
INSERT INTO `user_like` (`user_id`, `liked_user_id`, `status_like`, `created_at`, `updated_at`) VALUES (4, 127, 0, '2014-08-04 11:14:05', '2003-01-08 13:40:01');
INSERT INTO `user_like` (`user_id`, `liked_user_id`, `status_like`, `created_at`, `updated_at`) VALUES (5, 96, 0, '2003-02-23 20:18:55', '1977-08-24 06:01:54');
INSERT INTO `user_like` (`user_id`, `liked_user_id`, `status_like`, `created_at`, `updated_at`) VALUES (6, 47, 0, '1979-07-31 19:54:48', '2014-10-29 21:10:52');
INSERT INTO `user_like` (`user_id`, `liked_user_id`, `status_like`, `created_at`, `updated_at`) VALUES (7, 56, 0, '1987-10-31 14:18:14', '1997-04-05 12:13:35');
INSERT INTO `user_like` (`user_id`, `liked_user_id`, `status_like`, `created_at`, `updated_at`) VALUES (8, 50, 0, '2003-02-15 11:16:48', '1992-05-20 16:34:17');
INSERT INTO `user_like` (`user_id`, `liked_user_id`, `status_like`, `created_at`, `updated_at`) VALUES (9, 141, 0, '1992-11-28 18:37:34', '1971-05-19 06:56:24');
INSERT INTO `user_like` (`user_id`, `liked_user_id`, `status_like`, `created_at`, `updated_at`) VALUES (10, 121, 0, '1982-02-08 16:29:59', '1986-11-02 19:49:59');
INSERT INTO `user_like` (`user_id`, `liked_user_id`, `status_like`, `created_at`, `updated_at`) VALUES (11, 25, 0, '2019-07-24 05:10:44', '1993-04-29 19:44:38');
INSERT INTO `user_like` (`user_id`, `liked_user_id`, `status_like`, `created_at`, `updated_at`) VALUES (12, 136, 1, '1970-08-20 18:42:30', '1985-09-30 03:37:29');
INSERT INTO `user_like` (`user_id`, `liked_user_id`, `status_like`, `created_at`, `updated_at`) VALUES (13, 10, 0, '2001-08-19 06:23:08', '1999-01-21 08:27:20');
INSERT INTO `user_like` (`user_id`, `liked_user_id`, `status_like`, `created_at`, `updated_at`) VALUES (14, 45, 1, '1988-06-26 09:26:36', '2020-02-25 11:17:55');
INSERT INTO `user_like` (`user_id`, `liked_user_id`, `status_like`, `created_at`, `updated_at`) VALUES (15, 140, 1, '1981-07-14 03:39:23', '2005-06-06 00:36:39');
INSERT INTO `user_like` (`user_id`, `liked_user_id`, `status_like`, `created_at`, `updated_at`) VALUES (16, 40, 0, '2019-06-11 03:57:15', '1984-10-13 21:56:58');
INSERT INTO `user_like` (`user_id`, `liked_user_id`, `status_like`, `created_at`, `updated_at`) VALUES (17, 116, 0, '2002-05-13 12:05:57', '2019-05-02 17:13:00');
INSERT INTO `user_like` (`user_id`, `liked_user_id`, `status_like`, `created_at`, `updated_at`) VALUES (18, 138, 0, '1998-02-25 08:59:26', '1977-09-26 08:47:38');
INSERT INTO `user_like` (`user_id`, `liked_user_id`, `status_like`, `created_at`, `updated_at`) VALUES (19, 118, 0, '2002-01-22 06:27:05', '1995-02-19 10:27:56');
INSERT INTO `user_like` (`user_id`, `liked_user_id`, `status_like`, `created_at`, `updated_at`) VALUES (20, 19, 0, '1973-12-29 08:31:06', '2010-07-02 09:16:36');
INSERT INTO `user_like` (`user_id`, `liked_user_id`, `status_like`, `created_at`, `updated_at`) VALUES (21, 103, 1, '2016-08-24 18:09:52', '1987-11-02 17:07:33');
INSERT INTO `user_like` (`user_id`, `liked_user_id`, `status_like`, `created_at`, `updated_at`) VALUES (22, 66, 1, '2012-10-27 00:00:25', '2013-11-19 16:13:33');
INSERT INTO `user_like` (`user_id`, `liked_user_id`, `status_like`, `created_at`, `updated_at`) VALUES (23, 139, 0, '1998-08-27 20:35:07', '1992-12-20 12:04:04');
INSERT INTO `user_like` (`user_id`, `liked_user_id`, `status_like`, `created_at`, `updated_at`) VALUES (24, 39, 1, '2014-09-17 23:44:35', '2014-11-22 19:52:20');
INSERT INTO `user_like` (`user_id`, `liked_user_id`, `status_like`, `created_at`, `updated_at`) VALUES (25, 100, 1, '1983-12-09 09:32:09', '2003-12-16 20:11:11');
INSERT INTO `user_like` (`user_id`, `liked_user_id`, `status_like`, `created_at`, `updated_at`) VALUES (26, 82, 0, '1989-01-31 13:49:05', '1999-12-06 10:04:04');
INSERT INTO `user_like` (`user_id`, `liked_user_id`, `status_like`, `created_at`, `updated_at`) VALUES (27, 109, 1, '2001-02-19 15:08:42', '1992-05-23 22:30:45');
INSERT INTO `user_like` (`user_id`, `liked_user_id`, `status_like`, `created_at`, `updated_at`) VALUES (28, 24, 1, '2016-08-09 03:01:53', '2004-07-22 03:39:35');
INSERT INTO `user_like` (`user_id`, `liked_user_id`, `status_like`, `created_at`, `updated_at`) VALUES (29, 49, 1, '1981-06-05 03:49:10', '2003-05-19 19:59:46');
INSERT INTO `user_like` (`user_id`, `liked_user_id`, `status_like`, `created_at`, `updated_at`) VALUES (30, 133, 1, '1976-06-25 09:09:30', '1972-07-01 02:26:14');
INSERT INTO `user_like` (`user_id`, `liked_user_id`, `status_like`, `created_at`, `updated_at`) VALUES (31, 37, 0, '1997-06-13 09:22:46', '1986-01-14 06:56:34');
INSERT INTO `user_like` (`user_id`, `liked_user_id`, `status_like`, `created_at`, `updated_at`) VALUES (32, 132, 1, '2005-01-12 21:47:01', '2005-01-29 05:33:15');
INSERT INTO `user_like` (`user_id`, `liked_user_id`, `status_like`, `created_at`, `updated_at`) VALUES (33, 6, 0, '1986-09-15 21:23:40', '1997-04-22 22:39:10');
INSERT INTO `user_like` (`user_id`, `liked_user_id`, `status_like`, `created_at`, `updated_at`) VALUES (34, 27, 0, '1975-07-22 23:16:20', '1990-10-26 05:18:02');
INSERT INTO `user_like` (`user_id`, `liked_user_id`, `status_like`, `created_at`, `updated_at`) VALUES (35, 59, 1, '1975-07-21 03:37:48', '1983-05-05 17:41:10');
INSERT INTO `user_like` (`user_id`, `liked_user_id`, `status_like`, `created_at`, `updated_at`) VALUES (36, 54, 0, '1981-11-07 00:54:07', '2015-07-08 06:23:06');
INSERT INTO `user_like` (`user_id`, `liked_user_id`, `status_like`, `created_at`, `updated_at`) VALUES (37, 46, 0, '1986-05-17 20:16:27', '2017-09-15 16:15:28');
INSERT INTO `user_like` (`user_id`, `liked_user_id`, `status_like`, `created_at`, `updated_at`) VALUES (38, 106, 0, '2017-06-21 21:54:01', '2009-01-06 23:34:23');
INSERT INTO `user_like` (`user_id`, `liked_user_id`, `status_like`, `created_at`, `updated_at`) VALUES (39, 42, 0, '1970-08-26 17:23:26', '1988-11-21 22:11:50');
INSERT INTO `user_like` (`user_id`, `liked_user_id`, `status_like`, `created_at`, `updated_at`) VALUES (40, 22, 1, '1979-02-08 00:58:25', '2020-03-27 21:46:01');
INSERT INTO `user_like` (`user_id`, `liked_user_id`, `status_like`, `created_at`, `updated_at`) VALUES (41, 78, 1, '1978-05-21 18:56:51', '1973-05-05 21:14:32');
INSERT INTO `user_like` (`user_id`, `liked_user_id`, `status_like`, `created_at`, `updated_at`) VALUES (42, 124, 1, '2007-09-14 16:29:57', '1987-10-04 19:43:51');
INSERT INTO `user_like` (`user_id`, `liked_user_id`, `status_like`, `created_at`, `updated_at`) VALUES (43, 58, 0, '2015-07-05 06:25:53', '2007-03-08 03:20:21');
INSERT INTO `user_like` (`user_id`, `liked_user_id`, `status_like`, `created_at`, `updated_at`) VALUES (44, 35, 1, '1982-01-30 05:53:07', '2010-12-12 09:52:10');
INSERT INTO `user_like` (`user_id`, `liked_user_id`, `status_like`, `created_at`, `updated_at`) VALUES (45, 28, 1, '2007-02-28 04:31:32', '2001-01-09 16:45:54');
INSERT INTO `user_like` (`user_id`, `liked_user_id`, `status_like`, `created_at`, `updated_at`) VALUES (46, 74, 0, '1990-12-02 15:58:23', '2014-01-27 12:02:22');
INSERT INTO `user_like` (`user_id`, `liked_user_id`, `status_like`, `created_at`, `updated_at`) VALUES (47, 98, 1, '1999-02-02 17:12:59', '1986-09-14 06:20:49');
INSERT INTO `user_like` (`user_id`, `liked_user_id`, `status_like`, `created_at`, `updated_at`) VALUES (48, 79, 1, '2004-12-29 21:57:38', '1973-09-19 04:49:36');
INSERT INTO `user_like` (`user_id`, `liked_user_id`, `status_like`, `created_at`, `updated_at`) VALUES (49, 84, 0, '2013-08-02 18:06:44', '1982-05-10 05:31:18');
INSERT INTO `user_like` (`user_id`, `liked_user_id`, `status_like`, `created_at`, `updated_at`) VALUES (50, 38, 1, '1990-02-22 21:12:59', '2017-10-26 08:54:14');
INSERT INTO `user_like` (`user_id`, `liked_user_id`, `status_like`, `created_at`, `updated_at`) VALUES (51, 93, 1, '1990-06-21 16:10:41', '2013-10-13 16:44:17');
INSERT INTO `user_like` (`user_id`, `liked_user_id`, `status_like`, `created_at`, `updated_at`) VALUES (52, 70, 1, '1986-07-19 10:03:11', '1980-02-27 13:09:37');
INSERT INTO `user_like` (`user_id`, `liked_user_id`, `status_like`, `created_at`, `updated_at`) VALUES (53, 83, 0, '1970-12-11 01:38:41', '1995-06-05 17:30:18');
INSERT INTO `user_like` (`user_id`, `liked_user_id`, `status_like`, `created_at`, `updated_at`) VALUES (54, 64, 0, '1986-02-05 07:20:56', '2000-01-16 03:52:27');
INSERT INTO `user_like` (`user_id`, `liked_user_id`, `status_like`, `created_at`, `updated_at`) VALUES (55, 105, 0, '2007-07-09 23:40:27', '1989-03-02 02:07:56');
INSERT INTO `user_like` (`user_id`, `liked_user_id`, `status_like`, `created_at`, `updated_at`) VALUES (56, 122, 0, '1999-02-24 06:25:48', '2018-01-26 11:31:28');
INSERT INTO `user_like` (`user_id`, `liked_user_id`, `status_like`, `created_at`, `updated_at`) VALUES (57, 77, 0, '1985-03-14 01:47:52', '1974-11-13 06:09:48');
INSERT INTO `user_like` (`user_id`, `liked_user_id`, `status_like`, `created_at`, `updated_at`) VALUES (58, 34, 0, '1973-08-24 22:42:56', '1994-01-24 14:54:37');
INSERT INTO `user_like` (`user_id`, `liked_user_id`, `status_like`, `created_at`, `updated_at`) VALUES (59, 81, 1, '1992-05-20 11:27:04', '1993-05-03 00:40:58');
INSERT INTO `user_like` (`user_id`, `liked_user_id`, `status_like`, `created_at`, `updated_at`) VALUES (60, 115, 1, '1992-03-27 17:53:40', '1972-08-17 00:50:04');
INSERT INTO `user_like` (`user_id`, `liked_user_id`, `status_like`, `created_at`, `updated_at`) VALUES (61, 57, 0, '2020-02-01 03:01:35', '2009-05-17 07:28:15');
INSERT INTO `user_like` (`user_id`, `liked_user_id`, `status_like`, `created_at`, `updated_at`) VALUES (62, 87, 1, '1982-02-21 13:09:43', '2010-03-13 01:47:27');
INSERT INTO `user_like` (`user_id`, `liked_user_id`, `status_like`, `created_at`, `updated_at`) VALUES (63, 53, 1, '1999-06-14 20:07:26', '1986-10-05 14:03:09');
INSERT INTO `user_like` (`user_id`, `liked_user_id`, `status_like`, `created_at`, `updated_at`) VALUES (64, 2, 1, '2004-12-12 22:54:14', '1973-05-19 08:17:10');
INSERT INTO `user_like` (`user_id`, `liked_user_id`, `status_like`, `created_at`, `updated_at`) VALUES (65, 86, 1, '1985-12-15 02:28:35', '1999-06-30 03:53:44');
INSERT INTO `user_like` (`user_id`, `liked_user_id`, `status_like`, `created_at`, `updated_at`) VALUES (66, 1, 0, '1970-04-19 16:14:49', '1998-11-18 10:21:38');
INSERT INTO `user_like` (`user_id`, `liked_user_id`, `status_like`, `created_at`, `updated_at`) VALUES (67, 148, 0, '1999-06-06 22:04:04', '2000-04-12 02:30:01');
INSERT INTO `user_like` (`user_id`, `liked_user_id`, `status_like`, `created_at`, `updated_at`) VALUES (68, 89, 1, '2004-10-04 13:36:51', '1974-01-29 05:36:45');
INSERT INTO `user_like` (`user_id`, `liked_user_id`, `status_like`, `created_at`, `updated_at`) VALUES (69, 8, 1, '1985-11-15 16:31:03', '1990-03-21 18:47:53');
INSERT INTO `user_like` (`user_id`, `liked_user_id`, `status_like`, `created_at`, `updated_at`) VALUES (70, 91, 1, '2015-11-15 01:30:26', '2017-03-19 03:05:36');
INSERT INTO `user_like` (`user_id`, `liked_user_id`, `status_like`, `created_at`, `updated_at`) VALUES (71, 85, 0, '1996-04-22 01:52:18', '1983-03-02 08:23:57');
INSERT INTO `user_like` (`user_id`, `liked_user_id`, `status_like`, `created_at`, `updated_at`) VALUES (72, 112, 0, '1998-11-03 16:34:56', '1973-06-05 16:51:50');
INSERT INTO `user_like` (`user_id`, `liked_user_id`, `status_like`, `created_at`, `updated_at`) VALUES (73, 80, 0, '1989-04-26 18:25:34', '2006-09-24 15:03:11');
INSERT INTO `user_like` (`user_id`, `liked_user_id`, `status_like`, `created_at`, `updated_at`) VALUES (74, 130, 1, '1974-09-30 16:38:44', '1991-08-27 05:29:18');
INSERT INTO `user_like` (`user_id`, `liked_user_id`, `status_like`, `created_at`, `updated_at`) VALUES (75, 88, 1, '1987-04-28 09:26:57', '1976-08-16 07:21:53');
INSERT INTO `user_like` (`user_id`, `liked_user_id`, `status_like`, `created_at`, `updated_at`) VALUES (76, 76, 0, '1978-02-15 09:19:00', '1998-03-06 07:07:16');
INSERT INTO `user_like` (`user_id`, `liked_user_id`, `status_like`, `created_at`, `updated_at`) VALUES (77, 68, 0, '1976-09-03 06:49:54', '2002-08-17 05:35:24');
INSERT INTO `user_like` (`user_id`, `liked_user_id`, `status_like`, `created_at`, `updated_at`) VALUES (78, 144, 1, '1989-01-10 11:04:31', '2000-09-13 01:51:30');
INSERT INTO `user_like` (`user_id`, `liked_user_id`, `status_like`, `created_at`, `updated_at`) VALUES (79, 92, 1, '1976-04-21 13:24:38', '2019-09-05 21:07:50');
INSERT INTO `user_like` (`user_id`, `liked_user_id`, `status_like`, `created_at`, `updated_at`) VALUES (80, 60, 0, '1981-01-03 22:32:32', '1991-07-26 07:18:03');
INSERT INTO `user_like` (`user_id`, `liked_user_id`, `status_like`, `created_at`, `updated_at`) VALUES (81, 119, 1, '1994-05-13 10:06:17', '2000-03-28 03:44:03');
INSERT INTO `user_like` (`user_id`, `liked_user_id`, `status_like`, `created_at`, `updated_at`) VALUES (82, 17, 0, '1986-07-02 13:43:52', '1979-06-10 05:00:57');
INSERT INTO `user_like` (`user_id`, `liked_user_id`, `status_like`, `created_at`, `updated_at`) VALUES (83, 21, 0, '1976-06-07 11:00:11', '2001-05-11 20:06:17');
INSERT INTO `user_like` (`user_id`, `liked_user_id`, `status_like`, `created_at`, `updated_at`) VALUES (84, 41, 0, '1978-01-12 10:39:54', '2001-02-02 23:00:34');
INSERT INTO `user_like` (`user_id`, `liked_user_id`, `status_like`, `created_at`, `updated_at`) VALUES (85, 99, 1, '1972-07-12 07:21:41', '2011-08-02 15:59:47');
INSERT INTO `user_like` (`user_id`, `liked_user_id`, `status_like`, `created_at`, `updated_at`) VALUES (86, 117, 0, '1994-11-21 21:39:20', '2005-07-07 23:51:29');
INSERT INTO `user_like` (`user_id`, `liked_user_id`, `status_like`, `created_at`, `updated_at`) VALUES (87, 134, 1, '2012-12-22 19:18:04', '1983-03-14 06:54:11');
INSERT INTO `user_like` (`user_id`, `liked_user_id`, `status_like`, `created_at`, `updated_at`) VALUES (88, 71, 1, '1984-08-30 04:39:46', '2010-06-06 12:41:42');
INSERT INTO `user_like` (`user_id`, `liked_user_id`, `status_like`, `created_at`, `updated_at`) VALUES (89, 20, 0, '1979-06-15 13:17:59', '1993-06-05 15:23:27');
INSERT INTO `user_like` (`user_id`, `liked_user_id`, `status_like`, `created_at`, `updated_at`) VALUES (90, 31, 1, '1975-03-22 19:30:46', '1970-06-23 19:28:12');
INSERT INTO `user_like` (`user_id`, `liked_user_id`, `status_like`, `created_at`, `updated_at`) VALUES (91, 129, 1, '1978-05-16 15:34:03', '2020-09-27 23:10:25');
INSERT INTO `user_like` (`user_id`, `liked_user_id`, `status_like`, `created_at`, `updated_at`) VALUES (92, 95, 1, '2017-07-09 23:16:50', '1984-06-13 10:56:41');
INSERT INTO `user_like` (`user_id`, `liked_user_id`, `status_like`, `created_at`, `updated_at`) VALUES (93, 12, 0, '1978-10-30 14:55:15', '2003-11-25 00:18:38');
INSERT INTO `user_like` (`user_id`, `liked_user_id`, `status_like`, `created_at`, `updated_at`) VALUES (94, 94, 1, '1985-08-14 20:43:05', '2009-07-11 14:40:59');
INSERT INTO `user_like` (`user_id`, `liked_user_id`, `status_like`, `created_at`, `updated_at`) VALUES (95, 5, 1, '1993-11-20 19:59:19', '2001-11-26 13:20:43');
INSERT INTO `user_like` (`user_id`, `liked_user_id`, `status_like`, `created_at`, `updated_at`) VALUES (96, 108, 0, '2017-01-20 11:50:55', '1986-02-06 10:36:57');
INSERT INTO `user_like` (`user_id`, `liked_user_id`, `status_like`, `created_at`, `updated_at`) VALUES (97, 113, 0, '2008-07-13 03:06:04', '1991-08-18 18:03:02');
INSERT INTO `user_like` (`user_id`, `liked_user_id`, `status_like`, `created_at`, `updated_at`) VALUES (98, 65, 0, '2015-07-26 15:29:41', '1983-04-27 13:41:19');
INSERT INTO `user_like` (`user_id`, `liked_user_id`, `status_like`, `created_at`, `updated_at`) VALUES (99, 23, 1, '1990-09-20 19:09:40', '1983-12-18 02:34:51');
INSERT INTO `user_like` (`user_id`, `liked_user_id`, `status_like`, `created_at`, `updated_at`) VALUES (100, 97, 0, '1979-07-16 07:10:53', '1980-03-15 08:31:00');


#
# TABLE STRUCTURE FOR: users
#

DROP TABLE IF EXISTS `users`;

CREATE TABLE `users` (
  `id` int(10) unsigned NOT NULL AUTO_INCREMENT COMMENT 'Идентификатор строки',
  `first_name` varchar(100) COLLATE utf8_unicode_ci NOT NULL COMMENT 'Имя пользователя',
  `last_name` varchar(100) COLLATE utf8_unicode_ci NOT NULL COMMENT 'Фамилия пользователя',
  `email` varchar(100) COLLATE utf8_unicode_ci NOT NULL COMMENT 'Почта',
  `phone` varchar(100) COLLATE utf8_unicode_ci NOT NULL COMMENT 'Телефон',
  `created_at` datetime DEFAULT current_timestamp() COMMENT 'Время создания строки',
  `updated_at` datetime DEFAULT current_timestamp() ON UPDATE current_timestamp() COMMENT 'Время обновления строки',
  PRIMARY KEY (`id`),
  UNIQUE KEY `email` (`email`),
  UNIQUE KEY `phone` (`phone`)
) ENGINE=InnoDB AUTO_INCREMENT=151 DEFAULT CHARSET=utf8 COLLATE=utf8_unicode_ci COMMENT='Пользователи';

INSERT INTO `users` (`id`, `first_name`, `last_name`, `email`, `phone`, `created_at`, `updated_at`) VALUES (1, 'Marquise', 'Kuhn', 'angelica66@example.net', '08894917733', '2016-02-13 19:26:52', '1974-11-01 11:21:51');
INSERT INTO `users` (`id`, `first_name`, `last_name`, `email`, `phone`, `created_at`, `updated_at`) VALUES (2, 'Mollie', 'Sauer', 'domenico74@example.net', '197.784.7117', '1985-02-15 06:17:04', '1981-07-12 15:43:07');
INSERT INTO `users` (`id`, `first_name`, `last_name`, `email`, `phone`, `created_at`, `updated_at`) VALUES (3, 'Lawson', 'Runolfsdottir', 'nolan.gilbert@example.com', '1-070-008-4044', '2010-09-10 01:53:05', '2007-10-05 17:55:05');
INSERT INTO `users` (`id`, `first_name`, `last_name`, `email`, `phone`, `created_at`, `updated_at`) VALUES (4, 'Kenneth', 'Gaylord', 'tomas49@example.net', '842-594-7410', '2012-08-21 20:35:39', '1993-11-13 12:22:13');
INSERT INTO `users` (`id`, `first_name`, `last_name`, `email`, `phone`, `created_at`, `updated_at`) VALUES (5, 'Kasey', 'King', 'clinton.bauch@example.net', '192-140-2902x539', '2011-06-10 02:04:26', '1973-11-28 14:10:34');
INSERT INTO `users` (`id`, `first_name`, `last_name`, `email`, `phone`, `created_at`, `updated_at`) VALUES (6, 'Verda', 'Murphy', 'monserrate55@example.com', '(808)140-4405x960', '1996-12-14 05:20:42', '2016-06-06 12:10:40');
INSERT INTO `users` (`id`, `first_name`, `last_name`, `email`, `phone`, `created_at`, `updated_at`) VALUES (7, 'King', 'Senger', 'hgaylord@example.net', '(430)455-3871', '1973-05-30 01:16:12', '2003-02-07 17:50:47');
INSERT INTO `users` (`id`, `first_name`, `last_name`, `email`, `phone`, `created_at`, `updated_at`) VALUES (8, 'Nona', 'Funk', 'jennings.harris@example.com', '02901658965', '2011-08-20 20:55:33', '1980-09-14 13:14:16');
INSERT INTO `users` (`id`, `first_name`, `last_name`, `email`, `phone`, `created_at`, `updated_at`) VALUES (9, 'Sasha', 'Kuvalis', 'nicolette14@example.org', '+93(8)1463767689', '2011-06-27 18:00:51', '1981-01-07 07:53:18');
INSERT INTO `users` (`id`, `first_name`, `last_name`, `email`, `phone`, `created_at`, `updated_at`) VALUES (10, 'Elroy', 'Paucek', 'keyshawn54@example.org', '1-859-206-4377x64769', '1998-08-11 08:49:00', '2001-09-06 01:48:30');
INSERT INTO `users` (`id`, `first_name`, `last_name`, `email`, `phone`, `created_at`, `updated_at`) VALUES (11, 'Maybelle', 'Cartwright', 'brent.weber@example.org', '602.236.2441x194', '1981-02-06 17:16:07', '1983-08-09 20:07:52');
INSERT INTO `users` (`id`, `first_name`, `last_name`, `email`, `phone`, `created_at`, `updated_at`) VALUES (12, 'Elsa', 'McLaughlin', 'natasha90@example.org', '(504)976-8602x093', '2008-08-18 07:52:18', '2016-12-07 11:30:22');
INSERT INTO `users` (`id`, `first_name`, `last_name`, `email`, `phone`, `created_at`, `updated_at`) VALUES (13, 'Sammie', 'Sanford', 'vbartell@example.net', '638.778.7162x023', '2011-11-14 09:27:30', '1994-10-03 10:28:41');
INSERT INTO `users` (`id`, `first_name`, `last_name`, `email`, `phone`, `created_at`, `updated_at`) VALUES (14, 'Freddy', 'Gottlieb', 'lon.beier@example.org', '(862)615-7231x239', '1976-01-16 06:39:14', '2015-04-26 12:23:32');
INSERT INTO `users` (`id`, `first_name`, `last_name`, `email`, `phone`, `created_at`, `updated_at`) VALUES (15, 'Xander', 'Kuhn', 'granville58@example.com', '1-496-712-3345x4516', '2012-02-19 15:27:11', '1977-07-17 15:10:55');
INSERT INTO `users` (`id`, `first_name`, `last_name`, `email`, `phone`, `created_at`, `updated_at`) VALUES (16, 'Parker', 'Spinka', 'ssauer@example.net', '(999)369-8331x690', '1985-07-17 11:43:09', '1988-10-09 18:44:34');
INSERT INTO `users` (`id`, `first_name`, `last_name`, `email`, `phone`, `created_at`, `updated_at`) VALUES (17, 'Durward', 'White', 'hilda89@example.net', '(062)175-5445x4202', '1987-01-27 20:00:50', '2001-10-19 16:31:06');
INSERT INTO `users` (`id`, `first_name`, `last_name`, `email`, `phone`, `created_at`, `updated_at`) VALUES (18, 'Rosario', 'Bogisich', 'bradley.bailey@example.org', '(121)955-4195x15438', '2004-03-31 20:43:16', '1996-02-03 10:23:01');
INSERT INTO `users` (`id`, `first_name`, `last_name`, `email`, `phone`, `created_at`, `updated_at`) VALUES (19, 'Viola', 'Schoen', 'ylarkin@example.net', '1-931-089-1789x6491', '1990-08-28 17:30:20', '2002-03-16 23:26:00');
INSERT INTO `users` (`id`, `first_name`, `last_name`, `email`, `phone`, `created_at`, `updated_at`) VALUES (20, 'Anita', 'Farrell', 'lily18@example.org', '07292684538', '1984-03-22 22:13:40', '1992-11-19 15:42:49');
INSERT INTO `users` (`id`, `first_name`, `last_name`, `email`, `phone`, `created_at`, `updated_at`) VALUES (21, 'Jadyn', 'Stokes', 'jada67@example.com', '+16(3)9733576114', '1983-02-27 03:03:00', '1974-06-08 07:37:30');
INSERT INTO `users` (`id`, `first_name`, `last_name`, `email`, `phone`, `created_at`, `updated_at`) VALUES (22, 'Marjolaine', 'Hudson', 'effertz.dagmar@example.org', '1-470-170-7739x8910', '2005-11-09 01:54:57', '1975-11-19 12:31:48');
INSERT INTO `users` (`id`, `first_name`, `last_name`, `email`, `phone`, `created_at`, `updated_at`) VALUES (23, 'Anya', 'Bernhard', 'fgibson@example.com', '009.206.1917', '1971-12-18 17:11:17', '1990-11-14 13:04:02');
INSERT INTO `users` (`id`, `first_name`, `last_name`, `email`, `phone`, `created_at`, `updated_at`) VALUES (24, 'Jeanette', 'Jacobs', 'shaina.corkery@example.net', '02069135985', '1975-08-28 12:56:04', '2003-06-21 04:09:52');
INSERT INTO `users` (`id`, `first_name`, `last_name`, `email`, `phone`, `created_at`, `updated_at`) VALUES (25, 'Ignatius', 'O\'Hara', 'ddaugherty@example.com', '(413)321-9606x13147', '1986-08-27 18:51:47', '2016-01-15 01:48:07');
INSERT INTO `users` (`id`, `first_name`, `last_name`, `email`, `phone`, `created_at`, `updated_at`) VALUES (26, 'Viva', 'McCullough', 'senger.daron@example.org', '1-012-490-6279', '2013-05-14 09:47:07', '2018-08-18 16:27:25');
INSERT INTO `users` (`id`, `first_name`, `last_name`, `email`, `phone`, `created_at`, `updated_at`) VALUES (27, 'Emmet', 'Bradtke', 'eunice.borer@example.net', '(125)643-3992x42858', '2007-09-20 11:58:25', '2009-01-23 08:41:18');
INSERT INTO `users` (`id`, `first_name`, `last_name`, `email`, `phone`, `created_at`, `updated_at`) VALUES (28, 'Rickie', 'Ziemann', 'gideon.weissnat@example.com', '1-789-064-4211', '1989-09-15 22:53:20', '2006-10-27 17:57:37');
INSERT INTO `users` (`id`, `first_name`, `last_name`, `email`, `phone`, `created_at`, `updated_at`) VALUES (29, 'Lee', 'Baumbach', 'arnold.stracke@example.net', '530-758-3010x0654', '1992-09-29 11:46:29', '2010-08-16 13:13:22');
INSERT INTO `users` (`id`, `first_name`, `last_name`, `email`, `phone`, `created_at`, `updated_at`) VALUES (30, 'Joshuah', 'Sporer', 'jeffrey63@example.com', '04917273126', '1976-08-12 03:35:07', '1999-06-05 20:33:34');
INSERT INTO `users` (`id`, `first_name`, `last_name`, `email`, `phone`, `created_at`, `updated_at`) VALUES (31, 'Scarlett', 'Hyatt', 'mozelle.hahn@example.net', '1-148-663-7969x37263', '1986-05-31 05:39:28', '2010-03-12 16:29:13');
INSERT INTO `users` (`id`, `first_name`, `last_name`, `email`, `phone`, `created_at`, `updated_at`) VALUES (32, 'Glen', 'Ruecker', 'eerdman@example.com', '+38(8)9493980496', '2015-05-09 11:40:39', '1987-01-19 01:24:39');
INSERT INTO `users` (`id`, `first_name`, `last_name`, `email`, `phone`, `created_at`, `updated_at`) VALUES (33, 'Brayan', 'Padberg', 'lwunsch@example.org', '1-037-673-8808x466', '2010-02-27 02:00:55', '1986-09-27 04:41:26');
INSERT INTO `users` (`id`, `first_name`, `last_name`, `email`, `phone`, `created_at`, `updated_at`) VALUES (34, 'Maryjane', 'Volkman', 'mraz.antonetta@example.com', '992.451.9619x36042', '1976-04-08 15:51:36', '1973-09-08 08:14:55');
INSERT INTO `users` (`id`, `first_name`, `last_name`, `email`, `phone`, `created_at`, `updated_at`) VALUES (35, 'Luis', 'Corkery', 'lucile41@example.com', '1-290-041-9833x286', '1970-10-20 12:10:54', '2012-09-18 05:28:55');
INSERT INTO `users` (`id`, `first_name`, `last_name`, `email`, `phone`, `created_at`, `updated_at`) VALUES (36, 'Earnest', 'Erdman', 'kmitchell@example.org', '812-821-9492x7431', '2005-10-20 21:16:59', '1981-05-03 12:54:01');
INSERT INTO `users` (`id`, `first_name`, `last_name`, `email`, `phone`, `created_at`, `updated_at`) VALUES (37, 'Mossie', 'Bergnaum', 'rogers.grimes@example.com', '566.761.6119', '2016-12-27 22:24:37', '1995-02-20 19:48:20');
INSERT INTO `users` (`id`, `first_name`, `last_name`, `email`, `phone`, `created_at`, `updated_at`) VALUES (38, 'Regan', 'DuBuque', 'will.clay@example.org', '1-812-220-2924x659', '1983-07-15 13:44:08', '2007-09-14 22:30:17');
INSERT INTO `users` (`id`, `first_name`, `last_name`, `email`, `phone`, `created_at`, `updated_at`) VALUES (39, 'Rowena', 'Sporer', 'ecrooks@example.com', '1-493-922-3175x035', '1976-03-31 11:21:21', '2020-01-21 21:20:26');
INSERT INTO `users` (`id`, `first_name`, `last_name`, `email`, `phone`, `created_at`, `updated_at`) VALUES (40, 'Elisha', 'Roob', 'levi.cartwright@example.com', '+45(1)5375696831', '1974-02-02 18:23:21', '1978-09-06 17:17:59');
INSERT INTO `users` (`id`, `first_name`, `last_name`, `email`, `phone`, `created_at`, `updated_at`) VALUES (41, 'Reece', 'Durgan', 'watsica.blanche@example.net', '511.054.1020x26973', '2016-01-14 10:45:44', '2007-10-24 19:48:47');
INSERT INTO `users` (`id`, `first_name`, `last_name`, `email`, `phone`, `created_at`, `updated_at`) VALUES (42, 'Loren', 'Bernier', 'qkautzer@example.com', '365.712.3644', '1987-06-08 11:12:12', '1984-07-13 02:53:18');
INSERT INTO `users` (`id`, `first_name`, `last_name`, `email`, `phone`, `created_at`, `updated_at`) VALUES (43, 'Alek', 'Shanahan', 'caroline.davis@example.org', '318.211.6450', '2019-01-09 07:57:55', '2005-02-17 03:28:50');
INSERT INTO `users` (`id`, `first_name`, `last_name`, `email`, `phone`, `created_at`, `updated_at`) VALUES (44, 'Esperanza', 'Gutmann', 'mante.alden@example.com', '1-528-057-9869', '1986-08-28 08:25:22', '2010-01-26 20:31:45');
INSERT INTO `users` (`id`, `first_name`, `last_name`, `email`, `phone`, `created_at`, `updated_at`) VALUES (45, 'Josiah', 'Heidenreich', 'pfadel@example.org', '05053080823', '1989-03-02 05:34:50', '1987-01-25 02:18:55');
INSERT INTO `users` (`id`, `first_name`, `last_name`, `email`, `phone`, `created_at`, `updated_at`) VALUES (46, 'Palma', 'Schroeder', 'wdeckow@example.com', '+16(5)4959053370', '1985-10-18 03:31:25', '1998-10-06 23:44:53');
INSERT INTO `users` (`id`, `first_name`, `last_name`, `email`, `phone`, `created_at`, `updated_at`) VALUES (47, 'Tyra', 'Reinger', 'alison12@example.org', '052-125-5014x0186', '1993-01-03 06:22:02', '1979-09-13 12:51:44');
INSERT INTO `users` (`id`, `first_name`, `last_name`, `email`, `phone`, `created_at`, `updated_at`) VALUES (48, 'Henriette', 'Rolfson', 'ugibson@example.net', '03958185557', '2012-12-24 04:44:59', '2020-12-06 20:38:05');
INSERT INTO `users` (`id`, `first_name`, `last_name`, `email`, `phone`, `created_at`, `updated_at`) VALUES (49, 'Lazaro', 'Kunde', 'xolson@example.net', '1-579-400-6677', '1979-08-18 08:03:00', '1993-05-16 22:47:51');
INSERT INTO `users` (`id`, `first_name`, `last_name`, `email`, `phone`, `created_at`, `updated_at`) VALUES (50, 'Hubert', 'Howe', 'vmitchell@example.net', '(701)113-2540x746', '1986-01-21 16:02:08', '1973-10-17 16:36:15');
INSERT INTO `users` (`id`, `first_name`, `last_name`, `email`, `phone`, `created_at`, `updated_at`) VALUES (51, 'Cleveland', 'Reichel', 'madison22@example.net', '1-473-061-6624x069', '1978-07-09 06:51:32', '1971-08-28 07:33:15');
INSERT INTO `users` (`id`, `first_name`, `last_name`, `email`, `phone`, `created_at`, `updated_at`) VALUES (52, 'Alexandria', 'Collins', 'qgorczany@example.com', '+62(6)7857845324', '1991-03-20 18:42:59', '2000-04-18 09:03:30');
INSERT INTO `users` (`id`, `first_name`, `last_name`, `email`, `phone`, `created_at`, `updated_at`) VALUES (53, 'Ivah', 'Pollich', 'blanca.grimes@example.net', '(356)973-4751x7177', '1988-04-05 18:53:37', '1975-10-09 18:19:11');
INSERT INTO `users` (`id`, `first_name`, `last_name`, `email`, `phone`, `created_at`, `updated_at`) VALUES (54, 'Mariana', 'Schultz', 'chermann@example.net', '263-136-4404', '2012-06-09 22:53:17', '1971-07-21 07:08:29');
INSERT INTO `users` (`id`, `first_name`, `last_name`, `email`, `phone`, `created_at`, `updated_at`) VALUES (55, 'Rosalinda', 'Gislason', 'zoie.gleichner@example.net', '+28(8)3109829709', '1992-10-28 11:14:31', '1979-06-17 14:03:27');
INSERT INTO `users` (`id`, `first_name`, `last_name`, `email`, `phone`, `created_at`, `updated_at`) VALUES (56, 'Marielle', 'Weber', 'hayes.schuyler@example.org', '01830595991', '2011-08-30 15:27:30', '1982-04-08 10:18:54');
INSERT INTO `users` (`id`, `first_name`, `last_name`, `email`, `phone`, `created_at`, `updated_at`) VALUES (57, 'Stephanie', 'Pfannerstill', 'murphy.randi@example.net', '374.829.8315x50369', '2014-04-04 04:04:07', '1975-06-26 16:07:22');
INSERT INTO `users` (`id`, `first_name`, `last_name`, `email`, `phone`, `created_at`, `updated_at`) VALUES (58, 'Casimir', 'Ernser', 'hintz.gillian@example.org', '+86(9)1382073162', '1987-11-22 21:03:47', '1990-06-27 02:20:21');
INSERT INTO `users` (`id`, `first_name`, `last_name`, `email`, `phone`, `created_at`, `updated_at`) VALUES (59, 'Bud', 'Runte', 'estella72@example.com', '623-363-1631x2762', '1998-06-13 11:57:07', '1974-10-19 06:49:41');
INSERT INTO `users` (`id`, `first_name`, `last_name`, `email`, `phone`, `created_at`, `updated_at`) VALUES (60, 'Susie', 'Goodwin', 'pking@example.com', '1-987-157-3979x6161', '1983-10-15 11:26:04', '2000-01-27 08:20:18');
INSERT INTO `users` (`id`, `first_name`, `last_name`, `email`, `phone`, `created_at`, `updated_at`) VALUES (61, 'Myrna', 'Senger', 'rchristiansen@example.com', '824.071.6591', '2006-10-22 15:21:41', '2006-05-04 03:21:52');
INSERT INTO `users` (`id`, `first_name`, `last_name`, `email`, `phone`, `created_at`, `updated_at`) VALUES (62, 'Braulio', 'Frami', 'meggie.pacocha@example.org', '(187)840-9934', '1973-06-13 07:13:30', '2013-06-20 21:17:28');
INSERT INTO `users` (`id`, `first_name`, `last_name`, `email`, `phone`, `created_at`, `updated_at`) VALUES (63, 'Brandon', 'Willms', 'kilback.rosalinda@example.net', '325-705-3943x027', '1987-05-20 19:17:58', '2012-04-07 19:34:15');
INSERT INTO `users` (`id`, `first_name`, `last_name`, `email`, `phone`, `created_at`, `updated_at`) VALUES (64, 'Reymundo', 'Jones', 'freddie96@example.com', '(161)687-0694', '1982-10-16 20:52:40', '2017-09-09 04:14:02');
INSERT INTO `users` (`id`, `first_name`, `last_name`, `email`, `phone`, `created_at`, `updated_at`) VALUES (65, 'Yazmin', 'Tillman', 'krystina.larkin@example.com', '539.413.2688x175', '2010-01-01 00:23:15', '1975-09-17 21:12:23');
INSERT INTO `users` (`id`, `first_name`, `last_name`, `email`, `phone`, `created_at`, `updated_at`) VALUES (66, 'Freeda', 'Lynch', 'sokuneva@example.com', '798.035.0849x2080', '1999-04-29 03:04:21', '2016-08-22 10:26:58');
INSERT INTO `users` (`id`, `first_name`, `last_name`, `email`, `phone`, `created_at`, `updated_at`) VALUES (67, 'Crystal', 'Lubowitz', 'devyn17@example.com', '(233)802-4553', '1999-09-16 21:20:07', '1998-12-09 14:39:54');
INSERT INTO `users` (`id`, `first_name`, `last_name`, `email`, `phone`, `created_at`, `updated_at`) VALUES (68, 'Ulices', 'Hermiston', 'jayne42@example.org', '571.109.6759', '1970-08-27 20:41:05', '2015-02-11 01:29:09');
INSERT INTO `users` (`id`, `first_name`, `last_name`, `email`, `phone`, `created_at`, `updated_at`) VALUES (69, 'Shana', 'Beier', 'scrist@example.org', '1-381-717-3562x509', '2016-11-27 00:22:47', '1981-09-22 22:44:06');
INSERT INTO `users` (`id`, `first_name`, `last_name`, `email`, `phone`, `created_at`, `updated_at`) VALUES (70, 'Madilyn', 'Ward', 'sasha.roob@example.net', '1-653-966-7612x99869', '2012-03-27 07:44:02', '1994-08-22 21:57:24');
INSERT INTO `users` (`id`, `first_name`, `last_name`, `email`, `phone`, `created_at`, `updated_at`) VALUES (71, 'Micheal', 'Dach', 'miller.salvatore@example.com', '697-332-3204', '2015-06-30 19:26:40', '1975-03-05 07:26:07');
INSERT INTO `users` (`id`, `first_name`, `last_name`, `email`, `phone`, `created_at`, `updated_at`) VALUES (72, 'Judge', 'Nikolaus', 'ahoeger@example.org', '500.736.8055x196', '1989-09-16 06:29:35', '1978-11-19 13:18:08');
INSERT INTO `users` (`id`, `first_name`, `last_name`, `email`, `phone`, `created_at`, `updated_at`) VALUES (73, 'Henri', 'Bauch', 'cora.mills@example.org', '+42(0)8114045460', '2017-02-22 20:48:28', '2004-06-03 19:25:44');
INSERT INTO `users` (`id`, `first_name`, `last_name`, `email`, `phone`, `created_at`, `updated_at`) VALUES (74, 'Javon', 'Collins', 'lucy36@example.com', '+92(8)9864055842', '1993-01-19 13:06:11', '1995-04-23 16:23:51');
INSERT INTO `users` (`id`, `first_name`, `last_name`, `email`, `phone`, `created_at`, `updated_at`) VALUES (75, 'Jeramy', 'Okuneva', 'larry67@example.org', '022-056-7753x6874', '1988-09-27 17:34:14', '1998-10-05 10:12:25');
INSERT INTO `users` (`id`, `first_name`, `last_name`, `email`, `phone`, `created_at`, `updated_at`) VALUES (76, 'Jennyfer', 'Eichmann', 'dakota.champlin@example.com', '1-114-615-7382x58050', '2014-12-14 07:20:34', '1983-07-12 04:02:15');
INSERT INTO `users` (`id`, `first_name`, `last_name`, `email`, `phone`, `created_at`, `updated_at`) VALUES (77, 'Columbus', 'Renner', 'vivianne.bednar@example.com', '(671)289-8511', '1972-09-14 10:38:23', '1978-03-13 05:10:37');
INSERT INTO `users` (`id`, `first_name`, `last_name`, `email`, `phone`, `created_at`, `updated_at`) VALUES (78, 'Tanner', 'Smitham', 'alisha70@example.org', '(386)896-2829x364', '1972-03-25 15:05:12', '1998-07-07 09:16:08');
INSERT INTO `users` (`id`, `first_name`, `last_name`, `email`, `phone`, `created_at`, `updated_at`) VALUES (79, 'Lelah', 'Berge', 'greenholt.javier@example.net', '994.561.0799', '2019-03-21 20:47:20', '1996-08-31 13:28:24');
INSERT INTO `users` (`id`, `first_name`, `last_name`, `email`, `phone`, `created_at`, `updated_at`) VALUES (80, 'Bria', 'Huel', 'lwolff@example.org', '270.186.8904x810', '2020-09-13 01:37:18', '2018-04-23 01:39:26');
INSERT INTO `users` (`id`, `first_name`, `last_name`, `email`, `phone`, `created_at`, `updated_at`) VALUES (81, 'Alysa', 'Lehner', 'hbrekke@example.org', '(288)598-7712', '2020-10-25 08:53:29', '1975-04-03 06:40:53');
INSERT INTO `users` (`id`, `first_name`, `last_name`, `email`, `phone`, `created_at`, `updated_at`) VALUES (82, 'Vesta', 'Halvorson', 'donny35@example.org', '(575)574-6442', '1997-10-11 10:28:44', '2008-11-15 04:04:49');
INSERT INTO `users` (`id`, `first_name`, `last_name`, `email`, `phone`, `created_at`, `updated_at`) VALUES (83, 'Lisa', 'Mann', 'ortiz.orland@example.net', '264-501-7207x5860', '2004-05-11 22:29:09', '1997-04-26 05:37:44');
INSERT INTO `users` (`id`, `first_name`, `last_name`, `email`, `phone`, `created_at`, `updated_at`) VALUES (84, 'Shawna', 'Rogahn', 'elfrieda07@example.org', '601.037.9699', '2016-02-14 17:51:18', '2005-09-26 23:09:55');
INSERT INTO `users` (`id`, `first_name`, `last_name`, `email`, `phone`, `created_at`, `updated_at`) VALUES (85, 'Trey', 'Rice', 'vella.frami@example.org', '(445)976-2950x713', '2013-08-30 03:21:52', '1990-08-19 05:29:36');
INSERT INTO `users` (`id`, `first_name`, `last_name`, `email`, `phone`, `created_at`, `updated_at`) VALUES (86, 'Lavon', 'Graham', 'kheidenreich@example.com', '931.915.3010x626', '2014-05-06 19:29:27', '1992-02-27 01:37:42');
INSERT INTO `users` (`id`, `first_name`, `last_name`, `email`, `phone`, `created_at`, `updated_at`) VALUES (87, 'Rosalind', 'Thiel', 'ambrose.hermann@example.org', '(863)034-6555', '1991-10-10 13:22:15', '2002-08-21 22:19:23');
INSERT INTO `users` (`id`, `first_name`, `last_name`, `email`, `phone`, `created_at`, `updated_at`) VALUES (88, 'Thurman', 'Douglas', 'dicki.carmella@example.net', '458-110-2012x5997', '1989-02-23 23:26:17', '2003-11-18 05:32:48');
INSERT INTO `users` (`id`, `first_name`, `last_name`, `email`, `phone`, `created_at`, `updated_at`) VALUES (89, 'Federico', 'Wilkinson', 'jaron89@example.org', '+35(5)0813625209', '1973-11-02 18:22:28', '2019-11-18 10:47:56');
INSERT INTO `users` (`id`, `first_name`, `last_name`, `email`, `phone`, `created_at`, `updated_at`) VALUES (90, 'Mervin', 'Harris', 'jaclyn.stoltenberg@example.org', '(492)923-6141x361', '1994-02-14 15:53:04', '1993-01-04 02:45:01');
INSERT INTO `users` (`id`, `first_name`, `last_name`, `email`, `phone`, `created_at`, `updated_at`) VALUES (91, 'Addison', 'Hickle', 'mgerlach@example.com', '1-548-378-8787', '1996-03-18 07:44:23', '1976-01-26 16:55:41');
INSERT INTO `users` (`id`, `first_name`, `last_name`, `email`, `phone`, `created_at`, `updated_at`) VALUES (92, 'Orval', 'Rosenbaum', 'bret.effertz@example.org', '1-756-023-8619', '1974-03-05 16:46:52', '2020-06-22 00:59:42');
INSERT INTO `users` (`id`, `first_name`, `last_name`, `email`, `phone`, `created_at`, `updated_at`) VALUES (93, 'Cortez', 'Boyle', 'paolo.gusikowski@example.com', '614-918-1632x314', '1970-07-11 01:15:00', '2010-03-01 03:06:09');
INSERT INTO `users` (`id`, `first_name`, `last_name`, `email`, `phone`, `created_at`, `updated_at`) VALUES (94, 'Lottie', 'Kihn', 'edwina.runte@example.com', '00228589979', '2010-09-28 21:22:56', '2005-12-24 13:01:37');
INSERT INTO `users` (`id`, `first_name`, `last_name`, `email`, `phone`, `created_at`, `updated_at`) VALUES (95, 'Concepcion', 'Johns', 'isabell.hane@example.com', '1-423-250-2060x049', '1988-10-02 08:42:14', '1983-03-13 00:56:47');
INSERT INTO `users` (`id`, `first_name`, `last_name`, `email`, `phone`, `created_at`, `updated_at`) VALUES (96, 'Elissa', 'Graham', 'meagan.kuhn@example.net', '240-316-0274', '2020-04-29 05:08:11', '1998-05-07 15:53:27');
INSERT INTO `users` (`id`, `first_name`, `last_name`, `email`, `phone`, `created_at`, `updated_at`) VALUES (97, 'Jaquelin', 'Marvin', 'fannie44@example.com', '147-892-3378x57749', '1977-01-29 18:44:25', '1979-03-14 04:11:48');
INSERT INTO `users` (`id`, `first_name`, `last_name`, `email`, `phone`, `created_at`, `updated_at`) VALUES (98, 'Alvina', 'Sporer', 'fleta05@example.org', '538.276.8141', '1999-03-14 18:06:05', '2005-06-16 12:54:25');
INSERT INTO `users` (`id`, `first_name`, `last_name`, `email`, `phone`, `created_at`, `updated_at`) VALUES (99, 'Caesar', 'Kuhn', 'pasquale31@example.com', '+48(0)4356127591', '1984-03-30 18:01:22', '1972-11-18 01:54:41');
INSERT INTO `users` (`id`, `first_name`, `last_name`, `email`, `phone`, `created_at`, `updated_at`) VALUES (100, 'Tessie', 'Walsh', 'stark.demario@example.org', '+78(9)0462458691', '1997-06-17 19:46:41', '2011-12-07 13:32:28');
INSERT INTO `users` (`id`, `first_name`, `last_name`, `email`, `phone`, `created_at`, `updated_at`) VALUES (101, 'Glenna', 'Cremin', 'robbie.fritsch@example.net', '962-418-3521x66415', '1989-01-21 18:40:14', '1971-02-10 22:16:11');
INSERT INTO `users` (`id`, `first_name`, `last_name`, `email`, `phone`, `created_at`, `updated_at`) VALUES (102, 'Layla', 'Grimes', 'stoltenberg.hettie@example.org', '503-904-0648', '1976-12-26 00:09:06', '2012-11-27 15:40:58');
INSERT INTO `users` (`id`, `first_name`, `last_name`, `email`, `phone`, `created_at`, `updated_at`) VALUES (103, 'Adrain', 'Marquardt', 'rparker@example.net', '461.102.5455x14709', '2013-10-12 01:35:48', '1981-10-25 14:22:48');
INSERT INTO `users` (`id`, `first_name`, `last_name`, `email`, `phone`, `created_at`, `updated_at`) VALUES (104, 'Cyril', 'Ullrich', 'pmann@example.org', '893.796.9170x29267', '1991-02-09 10:13:52', '1976-10-26 02:06:22');
INSERT INTO `users` (`id`, `first_name`, `last_name`, `email`, `phone`, `created_at`, `updated_at`) VALUES (105, 'Hoyt', 'Lueilwitz', 'rkihn@example.org', '255-159-5191', '1986-04-16 22:34:13', '1989-11-04 16:27:59');
INSERT INTO `users` (`id`, `first_name`, `last_name`, `email`, `phone`, `created_at`, `updated_at`) VALUES (106, 'Merl', 'Rowe', 'predovic.german@example.net', '1-353-037-8430x7177', '1978-04-14 15:09:38', '1970-10-14 02:28:16');
INSERT INTO `users` (`id`, `first_name`, `last_name`, `email`, `phone`, `created_at`, `updated_at`) VALUES (107, 'Zoe', 'Quigley', 'taltenwerth@example.com', '(668)659-6130', '1982-10-15 08:59:31', '2007-11-14 18:07:43');
INSERT INTO `users` (`id`, `first_name`, `last_name`, `email`, `phone`, `created_at`, `updated_at`) VALUES (108, 'Cordell', 'Feest', 'sydni46@example.com', '948.113.8807', '2002-10-01 04:01:39', '2017-03-17 04:40:00');
INSERT INTO `users` (`id`, `first_name`, `last_name`, `email`, `phone`, `created_at`, `updated_at`) VALUES (109, 'Lois', 'Witting', 'sporer.minerva@example.com', '(006)200-7442x550', '1990-06-10 10:43:38', '1994-01-23 08:19:09');
INSERT INTO `users` (`id`, `first_name`, `last_name`, `email`, `phone`, `created_at`, `updated_at`) VALUES (110, 'Polly', 'Feest', 'mruecker@example.com', '974.278.6419x686', '2009-09-23 03:38:08', '2001-11-01 01:40:10');
INSERT INTO `users` (`id`, `first_name`, `last_name`, `email`, `phone`, `created_at`, `updated_at`) VALUES (111, 'Lauryn', 'Terry', 'genevieve18@example.com', '035.061.4562x10930', '2018-12-25 14:58:23', '2003-03-01 02:28:58');
INSERT INTO `users` (`id`, `first_name`, `last_name`, `email`, `phone`, `created_at`, `updated_at`) VALUES (112, 'Joesph', 'Swaniawski', 'dustin26@example.net', '052-256-4360', '1991-07-01 11:31:37', '1997-07-15 21:43:44');
INSERT INTO `users` (`id`, `first_name`, `last_name`, `email`, `phone`, `created_at`, `updated_at`) VALUES (113, 'Tyshawn', 'Rempel', 'elvis.gutmann@example.net', '1-009-297-9133', '1990-08-28 17:28:52', '1984-06-25 15:01:05');
INSERT INTO `users` (`id`, `first_name`, `last_name`, `email`, `phone`, `created_at`, `updated_at`) VALUES (114, 'Davin', 'Runolfsdottir', 'hansen.afton@example.org', '1-205-546-8411', '1984-02-18 20:59:09', '2013-01-23 05:01:21');
INSERT INTO `users` (`id`, `first_name`, `last_name`, `email`, `phone`, `created_at`, `updated_at`) VALUES (115, 'Claudie', 'Wolff', 'keeling.taryn@example.org', '1-927-465-1613', '2012-07-13 13:36:00', '2003-11-15 20:34:28');
INSERT INTO `users` (`id`, `first_name`, `last_name`, `email`, `phone`, `created_at`, `updated_at`) VALUES (116, 'Valerie', 'Frami', 'amarks@example.org', '(974)596-9595x9466', '1972-12-07 06:55:15', '2002-10-30 13:10:27');
INSERT INTO `users` (`id`, `first_name`, `last_name`, `email`, `phone`, `created_at`, `updated_at`) VALUES (117, 'Tony', 'Kling', 'schaden.rupert@example.com', '813.952.9959x76366', '1983-07-04 14:48:12', '2008-01-23 07:55:33');
INSERT INTO `users` (`id`, `first_name`, `last_name`, `email`, `phone`, `created_at`, `updated_at`) VALUES (118, 'Luella', 'Kris', 'gshields@example.net', '041.623.7610x761', '1992-03-22 06:45:51', '1996-04-07 23:17:32');
INSERT INTO `users` (`id`, `first_name`, `last_name`, `email`, `phone`, `created_at`, `updated_at`) VALUES (119, 'Orion', 'Breitenberg', 'lemke.alan@example.net', '082.483.0151x6377', '1971-07-10 10:27:25', '2015-10-05 10:27:13');
INSERT INTO `users` (`id`, `first_name`, `last_name`, `email`, `phone`, `created_at`, `updated_at`) VALUES (120, 'Micaela', 'Johnson', 'sreinger@example.com', '1-683-592-8555', '1975-08-22 06:50:15', '2010-03-02 21:26:26');
INSERT INTO `users` (`id`, `first_name`, `last_name`, `email`, `phone`, `created_at`, `updated_at`) VALUES (121, 'Horacio', 'Zboncak', 'randal.bergstrom@example.net', '286-086-6182x7864', '1988-07-24 01:18:30', '1976-06-18 00:08:33');
INSERT INTO `users` (`id`, `first_name`, `last_name`, `email`, `phone`, `created_at`, `updated_at`) VALUES (122, 'Pasquale', 'Rowe', 'cbruen@example.com', '1-098-657-5798x62453', '2012-02-27 03:41:12', '1991-05-20 13:22:32');
INSERT INTO `users` (`id`, `first_name`, `last_name`, `email`, `phone`, `created_at`, `updated_at`) VALUES (123, 'Maegan', 'Bernhard', 'eflatley@example.net', '726-369-4290', '1977-04-06 17:08:40', '1991-07-31 13:30:30');
INSERT INTO `users` (`id`, `first_name`, `last_name`, `email`, `phone`, `created_at`, `updated_at`) VALUES (124, 'Izabella', 'Orn', 'goyette.kurt@example.com', '1-001-882-3501', '1992-04-11 02:24:06', '1991-01-02 00:23:30');
INSERT INTO `users` (`id`, `first_name`, `last_name`, `email`, `phone`, `created_at`, `updated_at`) VALUES (125, 'Alice', 'Abbott', 'sreilly@example.org', '1-598-514-8206x690', '1974-01-04 12:07:08', '2011-04-30 05:17:39');
INSERT INTO `users` (`id`, `first_name`, `last_name`, `email`, `phone`, `created_at`, `updated_at`) VALUES (126, 'Grayce', 'Metz', 'gwen.howe@example.net', '568-017-2222x68685', '1995-09-11 09:50:08', '1970-11-23 21:28:23');
INSERT INTO `users` (`id`, `first_name`, `last_name`, `email`, `phone`, `created_at`, `updated_at`) VALUES (127, 'Gennaro', 'Abernathy', 'kurt.boehm@example.net', '1-846-851-8965x893', '1972-09-03 16:02:29', '2009-07-19 22:49:36');
INSERT INTO `users` (`id`, `first_name`, `last_name`, `email`, `phone`, `created_at`, `updated_at`) VALUES (128, 'Ardith', 'Jacobs', 'keyon.hahn@example.com', '(276)439-9649x3145', '1978-12-06 15:09:04', '1996-06-15 02:17:35');
INSERT INTO `users` (`id`, `first_name`, `last_name`, `email`, `phone`, `created_at`, `updated_at`) VALUES (129, 'Nikki', 'Mills', 'murphy.wallace@example.org', '594.436.4766x024', '2000-05-18 07:21:58', '1973-02-20 01:48:12');
INSERT INTO `users` (`id`, `first_name`, `last_name`, `email`, `phone`, `created_at`, `updated_at`) VALUES (130, 'Samara', 'Rice', 'montana04@example.com', '078.249.1878', '2009-08-18 13:41:53', '2012-06-16 15:54:38');
INSERT INTO `users` (`id`, `first_name`, `last_name`, `email`, `phone`, `created_at`, `updated_at`) VALUES (131, 'Ezequiel', 'Schumm', 'wparisian@example.net', '116-271-5530x067', '1988-07-01 03:40:59', '1975-07-20 13:56:43');
INSERT INTO `users` (`id`, `first_name`, `last_name`, `email`, `phone`, `created_at`, `updated_at`) VALUES (132, 'Erich', 'Carroll', 'jpurdy@example.org', '(550)403-8812x400', '2011-08-07 02:54:58', '2003-01-10 16:07:20');
INSERT INTO `users` (`id`, `first_name`, `last_name`, `email`, `phone`, `created_at`, `updated_at`) VALUES (133, 'Erwin', 'Gerlach', 'zbailey@example.org', '1-461-696-3866x53592', '1979-04-18 11:48:12', '1984-11-18 02:57:17');
INSERT INTO `users` (`id`, `first_name`, `last_name`, `email`, `phone`, `created_at`, `updated_at`) VALUES (134, 'Wiley', 'Kuhlman', 'bruen.irving@example.net', '(456)710-1988x6675', '1991-06-15 19:43:24', '1985-02-06 13:09:12');
INSERT INTO `users` (`id`, `first_name`, `last_name`, `email`, `phone`, `created_at`, `updated_at`) VALUES (135, 'Gabriel', 'Kihn', 'chester37@example.org', '1-835-206-1551', '2014-06-11 04:02:42', '2013-03-07 19:10:29');
INSERT INTO `users` (`id`, `first_name`, `last_name`, `email`, `phone`, `created_at`, `updated_at`) VALUES (136, 'Prince', 'Trantow', 'heathcote.jewell@example.org', '845-020-9699', '1985-09-06 22:04:01', '1977-11-02 18:03:02');
INSERT INTO `users` (`id`, `first_name`, `last_name`, `email`, `phone`, `created_at`, `updated_at`) VALUES (137, 'Winston', 'Schmeler', 'annetta31@example.com', '532.105.7983x9670', '1997-04-09 15:19:40', '1987-07-12 14:09:01');
INSERT INTO `users` (`id`, `first_name`, `last_name`, `email`, `phone`, `created_at`, `updated_at`) VALUES (138, 'Garret', 'Lemke', 'kelsie.boehm@example.com', '173.045.6583x3129', '2000-11-24 04:15:18', '2012-08-03 11:39:54');
INSERT INTO `users` (`id`, `first_name`, `last_name`, `email`, `phone`, `created_at`, `updated_at`) VALUES (139, 'Candelario', 'Braun', 'jkassulke@example.org', '765-431-6921x0689', '1984-12-05 00:47:10', '1990-11-08 01:33:00');
INSERT INTO `users` (`id`, `first_name`, `last_name`, `email`, `phone`, `created_at`, `updated_at`) VALUES (140, 'Hermina', 'Kozey', 'kunde.raven@example.com', '715.047.7566x450', '2002-12-07 16:38:44', '1971-12-25 01:14:43');
INSERT INTO `users` (`id`, `first_name`, `last_name`, `email`, `phone`, `created_at`, `updated_at`) VALUES (141, 'Elody', 'Schumm', 'vhettinger@example.org', '262.181.4001x0146', '2014-12-02 15:02:31', '2014-09-12 09:23:58');
INSERT INTO `users` (`id`, `first_name`, `last_name`, `email`, `phone`, `created_at`, `updated_at`) VALUES (142, 'Abdullah', 'Russel', 'pheidenreich@example.com', '1-478-694-0643', '1985-03-11 11:38:56', '1983-04-11 13:22:22');
INSERT INTO `users` (`id`, `first_name`, `last_name`, `email`, `phone`, `created_at`, `updated_at`) VALUES (143, 'Abdullah', 'Pollich', 'lola.green@example.org', '872-395-2526x533', '1994-05-09 22:45:31', '1985-12-15 18:37:18');
INSERT INTO `users` (`id`, `first_name`, `last_name`, `email`, `phone`, `created_at`, `updated_at`) VALUES (144, 'Leonie', 'Senger', 'kgreenholt@example.org', '(227)655-3532x98517', '2001-11-04 03:55:58', '1996-02-03 07:42:35');
INSERT INTO `users` (`id`, `first_name`, `last_name`, `email`, `phone`, `created_at`, `updated_at`) VALUES (145, 'Nels', 'Davis', 'vmonahan@example.com', '540.524.3463', '2018-10-15 16:49:21', '1974-06-21 12:59:26');
INSERT INTO `users` (`id`, `first_name`, `last_name`, `email`, `phone`, `created_at`, `updated_at`) VALUES (146, 'Dayana', 'Stoltenberg', 'hettie66@example.com', '726-152-7678x9144', '1988-04-09 02:57:08', '2001-03-26 08:20:33');
INSERT INTO `users` (`id`, `first_name`, `last_name`, `email`, `phone`, `created_at`, `updated_at`) VALUES (147, 'Janick', 'Dach', 'bernadette.aufderhar@example.com', '611-660-8093x91693', '1979-10-28 20:45:55', '2006-11-22 12:39:10');
INSERT INTO `users` (`id`, `first_name`, `last_name`, `email`, `phone`, `created_at`, `updated_at`) VALUES (148, 'Felicita', 'Heller', 'edoyle@example.net', '929.467.5182', '1974-05-08 23:17:11', '1999-05-06 04:04:00');
INSERT INTO `users` (`id`, `first_name`, `last_name`, `email`, `phone`, `created_at`, `updated_at`) VALUES (149, 'Alfreda', 'Blick', 'freida01@example.com', '232-100-9778', '1984-02-25 19:55:25', '2001-07-15 01:52:03');
INSERT INTO `users` (`id`, `first_name`, `last_name`, `email`, `phone`, `created_at`, `updated_at`) VALUES (150, 'Enrique', 'Smitham', 'fbuckridge@example.net', '890-966-1274x9688', '2010-11-02 09:13:42', '1983-09-29 18:58:21');


