-- MySQL dump 10.13  Distrib 8.0.22, for Linux (x86_64)
--
-- Host: localhost    Database: course_proj_anal_sys
-- ------------------------------------------------------
-- Server version	8.0.22-0ubuntu0.20.04.3

/*!40101 SET @OLD_CHARACTER_SET_CLIENT=@@CHARACTER_SET_CLIENT */;
/*!40101 SET @OLD_CHARACTER_SET_RESULTS=@@CHARACTER_SET_RESULTS */;
/*!40101 SET @OLD_COLLATION_CONNECTION=@@COLLATION_CONNECTION */;
/*!50503 SET NAMES utf8mb4 */;
/*!40103 SET @OLD_TIME_ZONE=@@TIME_ZONE */;
/*!40103 SET TIME_ZONE='+00:00' */;
/*!40014 SET @OLD_UNIQUE_CHECKS=@@UNIQUE_CHECKS, UNIQUE_CHECKS=0 */;
/*!40014 SET @OLD_FOREIGN_KEY_CHECKS=@@FOREIGN_KEY_CHECKS, FOREIGN_KEY_CHECKS=0 */;
/*!40101 SET @OLD_SQL_MODE=@@SQL_MODE, SQL_MODE='NO_AUTO_VALUE_ON_ZERO' */;
/*!40111 SET @OLD_SQL_NOTES=@@SQL_NOTES, SQL_NOTES=0 */;

--
-- Temporary view structure for view `all_data`
--

DROP TABLE IF EXISTS `all_data`;
/*!50001 DROP VIEW IF EXISTS `all_data`*/;
SET @saved_cs_client     = @@character_set_client;
/*!50503 SET character_set_client = utf8mb4 */;
/*!50001 CREATE VIEW `all_data` AS SELECT 
 1 AS `visit_chanel`,
 1 AS `visit_source`,
 1 AS `visit_user_id`,
 1 AS `visit_id`,
 1 AS `visit_country`,
 1 AS `visit_city`,
 1 AS `gender`,
 1 AS `page_per_visit`,
 1 AS `visit_time`,
 1 AS `order_id`,
 1 AS `avg_bill`,
 1 AS `total_product`,
 1 AS `revenue`*/;
SET character_set_client = @saved_cs_client;

--
-- Temporary view structure for view `all_orders`
--

DROP TABLE IF EXISTS `all_orders`;
/*!50001 DROP VIEW IF EXISTS `all_orders`*/;
SET @saved_cs_client     = @@character_set_client;
/*!50503 SET character_set_client = utf8mb4 */;
/*!50001 CREATE VIEW `all_orders` AS SELECT 
 1 AS `chanel`,
 1 AS `source`,
 1 AS `order_id`,
 1 AS `order_date`,
 1 AS `avg_bill`,
 1 AS `reuvenue`*/;
SET character_set_client = @saved_cs_client;

--
-- Table structure for table `chanel_type`
--

DROP TABLE IF EXISTS `chanel_type`;
/*!40101 SET @saved_cs_client     = @@character_set_client */;
/*!50503 SET character_set_client = utf8mb4 */;
CREATE TABLE `chanel_type` (
  `id` int unsigned NOT NULL AUTO_INCREMENT COMMENT 'идентификатор типа канала привлечения визита',
  `name` varchar(50) NOT NULL COMMENT 'Название канала',
  `created_at` datetime DEFAULT CURRENT_TIMESTAMP,
  PRIMARY KEY (`id`),
  UNIQUE KEY `name` (`name`)
) ENGINE=InnoDB AUTO_INCREMENT=7 DEFAULT CHARSET=utf8 COMMENT='Справочник каналов';
/*!40101 SET character_set_client = @saved_cs_client */;

--
-- Dumping data for table `chanel_type`
--

LOCK TABLES `chanel_type` WRITE;
/*!40000 ALTER TABLE `chanel_type` DISABLE KEYS */;
INSERT INTO `chanel_type` VALUES (1,'paid','2020-11-21 07:05:44'),(2,'organic','2020-07-23 10:52:02'),(3,'refferal','2020-03-07 04:42:59'),(4,'direct','2020-05-07 16:07:06'),(5,'email','2020-12-21 07:28:35'),(6,'social','2020-12-21 07:28:35');
/*!40000 ALTER TABLE `chanel_type` ENABLE KEYS */;
UNLOCK TABLES;

--
-- Table structure for table `city`
--

DROP TABLE IF EXISTS `city`;
/*!40101 SET @saved_cs_client     = @@character_set_client */;
/*!50503 SET character_set_client = utf8mb4 */;
CREATE TABLE `city` (
  `id` int unsigned NOT NULL AUTO_INCREMENT COMMENT 'идентификатор города',
  `city_name` varchar(150) NOT NULL COMMENT 'Название города',
  `country_name` varchar(150) NOT NULL COMMENT 'Название Страны',
  `created_at` datetime DEFAULT CURRENT_TIMESTAMP,
  PRIMARY KEY (`id`),
  UNIQUE KEY `city_name` (`city_name`)
) ENGINE=InnoDB AUTO_INCREMENT=22 DEFAULT CHARSET=utf8 COMMENT='Справочник городов';
/*!40101 SET character_set_client = @saved_cs_client */;

--
-- Dumping data for table `city`
--

LOCK TABLES `city` WRITE;
/*!40000 ALTER TABLE `city` DISABLE KEYS */;
INSERT INTO `city` VALUES (1,'Kathlynview','Mongolia','2020-03-18 02:03:56'),(2,'Wolfbury','Brunei Darussalam','2020-10-31 03:47:27'),(3,'Mauricehaven','Malta','2020-08-11 06:53:00'),(4,'Littleport','Colombia','2020-04-22 08:29:17'),(5,'South Kayleigh','Thailand','2020-08-25 08:33:33'),(6,'East Amiyashire','Palau','2020-06-28 13:39:34'),(7,'Port Robbiemouth','New Caledonia','2020-07-06 18:35:56'),(8,'East Aurelia','Albania','2020-06-27 23:11:45'),(9,'West Ursulahaven','Comoros','2020-03-15 16:51:11'),(10,'New Katherine','Gabon','2021-01-18 00:51:10'),(11,'Celestinoland','Libyan Arab Jamahiriya','2020-12-04 14:00:01'),(12,'Anyashire','Georgia','2020-12-19 07:17:54'),(13,'North Meggie','Ecuador','2020-08-11 11:37:53'),(14,'Port Milford','Japan','2021-01-14 00:58:53'),(15,'North Jocelynland','Gabon','2020-06-24 06:35:57'),(16,'New Athenastad','Mayotte','2020-02-27 05:54:16'),(17,'East Christellefurt','Burkina Faso','2020-11-13 01:33:25'),(18,'Hermistonshire','Macao','2021-01-16 13:49:27'),(19,'Harveyberg','Bouvet Island (Bouvetoya)','2020-03-30 09:23:05'),(20,'Powlowskitown','Guinea','2020-02-29 13:24:47'),(21,'South Zita','Cape Verde','2020-12-25 15:02:56');
/*!40000 ALTER TABLE `city` ENABLE KEYS */;
UNLOCK TABLES;

--
-- Table structure for table `conversion`
--

DROP TABLE IF EXISTS `conversion`;
/*!40101 SET @saved_cs_client     = @@character_set_client */;
/*!50503 SET character_set_client = utf8mb4 */;
CREATE TABLE `conversion` (
  `id` int unsigned NOT NULL AUTO_INCREMENT COMMENT 'идентификатор конверсии',
  `name` varchar(150) NOT NULL COMMENT 'Название конверсии',
  `created_at` datetime DEFAULT CURRENT_TIMESTAMP,
  PRIMARY KEY (`id`),
  UNIQUE KEY `name` (`name`)
) ENGINE=InnoDB AUTO_INCREMENT=7 DEFAULT CHARSET=utf8 COMMENT='Справочник конверсий';
/*!40101 SET character_set_client = @saved_cs_client */;

--
-- Dumping data for table `conversion`
--

LOCK TABLES `conversion` WRITE;
/*!40000 ALTER TABLE `conversion` DISABLE KEYS */;
INSERT INTO `conversion` VALUES (1,'show detail','2021-02-07 09:08:34'),(2,'add to cart','2021-01-22 12:45:05'),(3,'checkout','2021-01-28 09:57:42'),(4,'purchase','2021-01-26 15:28:49');
/*!40000 ALTER TABLE `conversion` ENABLE KEYS */;
UNLOCK TABLES;

--
-- Table structure for table `device_type`
--

DROP TABLE IF EXISTS `device_type`;
/*!40101 SET @saved_cs_client     = @@character_set_client */;
/*!50503 SET character_set_client = utf8mb4 */;
CREATE TABLE `device_type` (
  `id` int unsigned NOT NULL AUTO_INCREMENT COMMENT 'идентификатор типа устройства',
  `name` varchar(150) NOT NULL COMMENT 'Название типа устройства',
  `created_at` datetime DEFAULT CURRENT_TIMESTAMP,
  PRIMARY KEY (`id`),
  UNIQUE KEY `name` (`name`)
) ENGINE=InnoDB AUTO_INCREMENT=4 DEFAULT CHARSET=utf8 COMMENT='Справочников типов устройств';
/*!40101 SET character_set_client = @saved_cs_client */;

--
-- Dumping data for table `device_type`
--

LOCK TABLES `device_type` WRITE;
/*!40000 ALTER TABLE `device_type` DISABLE KEYS */;
INSERT INTO `device_type` VALUES (1,'desktop','2020-12-23 04:12:13'),(2,'mobile','2020-03-05 21:09:10'),(3,'tablet','2020-12-31 02:56:19');
/*!40000 ALTER TABLE `device_type` ENABLE KEYS */;
UNLOCK TABLES;

--
-- Table structure for table `gender_type`
--

DROP TABLE IF EXISTS `gender_type`;
/*!40101 SET @saved_cs_client     = @@character_set_client */;
/*!50503 SET character_set_client = utf8mb4 */;
CREATE TABLE `gender_type` (
  `id` int unsigned NOT NULL AUTO_INCREMENT COMMENT 'идентификатор пола',
  `name` varchar(150) NOT NULL COMMENT 'Название пола',
  `created_at` datetime DEFAULT CURRENT_TIMESTAMP,
  PRIMARY KEY (`id`),
  UNIQUE KEY `name` (`name`)
) ENGINE=InnoDB AUTO_INCREMENT=4 DEFAULT CHARSET=utf8 COMMENT='Справочник каналов';
/*!40101 SET character_set_client = @saved_cs_client */;

--
-- Dumping data for table `gender_type`
--

LOCK TABLES `gender_type` WRITE;
/*!40000 ALTER TABLE `gender_type` DISABLE KEYS */;
INSERT INTO `gender_type` VALUES (1,'male','2020-04-04 21:35:13'),(2,'female','2020-05-27 06:22:01'),(3,'undefined','2020-12-17 01:52:54');
/*!40000 ALTER TABLE `gender_type` ENABLE KEYS */;
UNLOCK TABLES;

--
-- Table structure for table `hit`
--

DROP TABLE IF EXISTS `hit`;
/*!40101 SET @saved_cs_client     = @@character_set_client */;
/*!50503 SET character_set_client = utf8mb4 */;
CREATE TABLE `hit` (
  `id` int unsigned NOT NULL AUTO_INCREMENT COMMENT 'Идентификатор hit''a',
  `visit_id` int unsigned NOT NULL COMMENT 'id визита в рамках которого был совершен hit',
  `url` varchar(255) NOT NULL COMMENT 'url страницы на которой был hit',
  `time_on_page` int NOT NULL COMMENT 'время проведенное на странице',
  `conversion_id` int unsigned DEFAULT NULL COMMENT 'id конверсии если была',
  `created_at` datetime DEFAULT CURRENT_TIMESTAMP COMMENT 'Время создания строки',
  PRIMARY KEY (`id`),
  KEY `hit_visit_id_fk` (`visit_id`),
  KEY `hit_conversion_id_fk` (`conversion_id`),
  CONSTRAINT `hit_visit_id_fk` FOREIGN KEY (`visit_id`) REFERENCES `visit` (`id`) ON DELETE CASCADE
) ENGINE=InnoDB AUTO_INCREMENT=1112 DEFAULT CHARSET=utf8 COMMENT='Данные по hit''ам';
/*!40101 SET character_set_client = @saved_cs_client */;

--
-- Dumping data for table `hit`
--

LOCK TABLES `hit` WRITE;
/*!40000 ALTER TABLE `hit` DISABLE KEYS */;
INSERT INTO `hit` VALUES (1,1,'http://swift.net/',38,1,'1986-10-07 14:49:54'),(2,2,'http://www.murray.com/',5,0,'1985-06-20 14:00:10'),(3,3,'http://hyatt.com/',23,0,'1975-12-12 12:11:51'),(4,4,'http://bode.org/',84,4,'2017-01-25 01:01:27'),(5,5,'http://buckridge.net/',101,1,'1992-09-08 11:59:13'),(6,6,'http://www.christiansen.org/',59,0,'2016-04-05 22:40:57'),(7,7,'http://www.thiel.net/',109,0,'2006-11-13 03:34:16'),(8,8,'http://hettinger.com/',17,4,'1983-06-19 04:24:46'),(9,9,'http://www.feil.org/',80,1,'2013-05-22 15:54:53'),(10,10,'http://www.kubbecker.com/',83,0,'2018-09-25 23:45:16'),(11,11,'http://raynor.net/',6,0,'1987-11-23 06:35:35'),(12,12,'http://towne.com/',97,4,'2018-08-12 07:01:21'),(13,13,'http://hudson.biz/',13,1,'1972-06-23 18:16:26'),(14,14,'http://www.lemke.com/',47,0,'2007-05-11 06:55:39'),(15,15,'http://mcdermott.info/',85,0,'1987-07-27 04:11:12'),(16,16,'http://www.connelly.info/',65,4,'1970-02-06 13:01:41'),(17,17,'http://leffler.com/',70,1,'1990-09-29 05:33:04'),(18,18,'http://kulas.org/',8,0,'1971-10-17 19:09:54'),(19,19,'http://kunze.com/',43,0,'2011-06-15 23:19:01'),(20,20,'http://swift.com/',28,4,'1980-03-26 02:18:20'),(21,21,'http://simonisschamberger.info/',66,1,'1982-06-13 17:25:56'),(22,22,'http://pricekemmer.com/',103,0,'1971-08-13 15:25:00'),(23,23,'http://harber.org/',18,0,'2014-02-09 14:06:40'),(24,24,'http://greenfelderferry.com/',77,4,'1983-01-21 00:48:07'),(25,25,'http://sporer.net/',109,1,'2014-12-19 08:47:39'),(26,26,'http://www.lefflerheathcote.biz/',59,0,'2016-11-26 10:53:29'),(27,27,'http://www.braun.com/',59,0,'2009-04-01 04:38:57'),(28,28,'http://www.torphermann.info/',60,4,'2003-02-04 10:16:59'),(29,29,'http://walter.org/',109,1,'1976-12-06 21:49:24'),(30,30,'http://wuckertbayer.org/',97,0,'1980-07-07 00:17:39'),(31,31,'http://www.hauck.com/',81,0,'2001-07-04 10:26:44'),(32,32,'http://www.johnsonhamill.com/',47,4,'2000-11-27 06:50:39'),(33,33,'http://hauckpouros.com/',59,1,'1982-10-24 00:32:16'),(34,34,'http://www.marks.biz/',103,0,'1995-06-21 07:22:57'),(35,35,'http://abernathy.info/',63,0,'1972-01-27 12:58:23'),(36,36,'http://www.okeefe.com/',73,4,'1981-08-08 16:18:48'),(37,37,'http://greenholt.com/',48,1,'1975-02-20 00:40:28'),(38,38,'http://www.torphy.com/',87,0,'1995-07-29 14:29:17'),(39,39,'http://wintheisermoen.org/',42,0,'2015-03-27 11:55:02'),(40,40,'http://www.kunze.com/',78,4,'1980-12-02 11:30:36'),(41,41,'http://www.rolfson.net/',9,1,'2004-05-26 13:52:00'),(42,42,'http://yundt.com/',33,0,'1992-03-26 13:29:01'),(43,43,'http://runolfsson.com/',99,0,'2014-01-02 08:13:53'),(44,44,'http://www.bauchrunolfsson.com/',5,4,'1980-06-09 11:28:54'),(45,45,'http://www.rosenbaumcollins.com/',23,1,'1980-01-09 01:17:38'),(46,46,'http://medhurstwilkinson.com/',89,0,'1973-03-02 00:55:23'),(47,47,'http://willmsjohnson.com/',81,0,'1982-04-14 07:57:05'),(48,48,'http://fay.com/',74,4,'1979-05-09 01:07:09'),(49,49,'http://hand.info/',17,1,'2012-10-26 07:40:42'),(50,50,'http://www.bogisich.biz/',73,0,'1984-11-04 01:59:55'),(51,51,'http://www.brakus.com/',59,0,'2017-04-24 03:24:38'),(52,52,'http://www.pfeffer.com/',77,4,'1992-11-19 00:48:47'),(53,53,'http://www.auerbeier.com/',3,1,'1974-02-20 10:00:30'),(54,54,'http://www.glover.biz/',49,0,'2019-05-31 07:41:06'),(55,55,'http://www.huelaufderhar.com/',57,0,'1971-11-28 18:07:53'),(56,56,'http://www.ullrich.com/',12,4,'2005-09-26 10:06:41'),(57,57,'http://www.bayerdonnelly.com/',89,1,'1991-07-13 22:37:52'),(58,58,'http://davis.com/',77,0,'1973-06-24 14:06:14'),(59,59,'http://kovacek.com/',3,0,'2015-07-02 14:37:21'),(60,60,'http://www.schmidt.com/',106,4,'2016-04-27 04:41:06'),(61,61,'http://www.beer.biz/',8,1,'2009-10-23 08:23:34'),(62,62,'http://www.larson.com/',59,0,'1998-03-12 17:40:20'),(63,63,'http://www.bergstrom.com/',29,0,'1988-04-15 21:43:05'),(64,64,'http://medhurst.com/',32,4,'2013-01-05 22:57:53'),(65,65,'http://www.sipes.info/',70,1,'1998-03-08 15:38:22'),(66,66,'http://www.raynorharvey.com/',19,0,'2007-10-23 01:30:08'),(67,67,'http://www.smith.com/',42,0,'2019-07-29 22:35:14'),(68,68,'http://www.keeling.info/',60,4,'2014-12-20 20:54:05'),(69,69,'http://graham.com/',81,1,'1991-12-18 09:35:51'),(70,70,'http://www.cole.net/',82,0,'1999-06-13 08:29:30'),(71,71,'http://www.mertz.com/',66,0,'1976-12-21 15:28:52'),(72,72,'http://sporer.com/',98,4,'1976-01-15 13:40:43'),(73,73,'http://kilback.com/',9,1,'2016-08-26 18:58:28'),(74,74,'http://www.boyer.biz/',96,0,'2002-11-03 06:43:17'),(75,75,'http://www.okeefe.com/',63,0,'1993-05-05 12:44:10'),(76,76,'http://www.langworth.com/',47,4,'1983-11-04 02:21:41'),(77,77,'http://danielpagac.biz/',62,1,'2016-04-01 11:48:59'),(78,78,'http://www.thompson.com/',60,0,'2011-07-16 11:29:32'),(79,79,'http://www.skileskub.org/',58,0,'2019-08-29 20:35:46'),(80,80,'http://www.jakubowskinolan.com/',41,4,'1999-07-05 16:36:11'),(81,81,'http://dietrichthiel.com/',3,1,'1987-09-16 19:26:11'),(82,82,'http://jacobson.com/',68,0,'2000-01-05 22:12:55'),(83,83,'http://bechtelar.biz/',102,0,'2015-07-22 06:57:06'),(84,84,'http://www.dubuque.com/',67,4,'1977-04-15 23:48:50'),(85,85,'http://eichmann.net/',64,1,'1974-02-16 14:46:24'),(86,86,'http://www.bruenabbott.com/',54,0,'1997-05-21 13:01:21'),(87,87,'http://bergnaumankunding.biz/',110,0,'1994-04-08 19:48:06'),(88,88,'http://rennerkling.info/',75,4,'2010-02-08 18:12:47'),(89,89,'http://www.walter.com/',36,1,'2017-07-12 21:55:12'),(90,90,'http://www.hahn.net/',17,0,'2017-09-06 13:11:52'),(91,91,'http://kuhic.net/',46,0,'2018-12-02 04:46:01'),(92,92,'http://www.halvorsonschaden.net/',90,4,'1973-02-05 13:03:17'),(93,93,'http://www.haneboyer.org/',59,1,'1998-05-21 03:08:42'),(94,94,'http://www.greenfelder.org/',109,0,'1989-06-11 15:24:04'),(95,95,'http://www.gutmannkassulke.org/',82,0,'2018-02-14 08:40:10'),(96,96,'http://www.pacochabailey.com/',88,4,'1977-08-05 05:14:37'),(97,97,'http://swift.biz/',109,1,'1990-05-13 22:32:11'),(98,98,'http://gulgowski.com/',64,0,'1974-12-22 08:34:02'),(99,99,'http://schulistborer.net/',17,0,'1994-12-13 20:05:41'),(100,100,'http://www.von.com/',70,4,'2017-02-27 13:11:21'),(101,101,'http://www.hammesframi.org/',95,1,'2015-02-13 07:13:20'),(102,102,'http://konopelskithiel.com/',67,0,'1975-04-30 16:31:40'),(103,103,'http://www.greenarmstrong.org/',74,0,'2017-05-11 09:09:44'),(104,104,'http://www.rogahnswift.info/',99,4,'2019-03-11 00:32:06'),(105,105,'http://johns.info/',90,1,'1976-12-10 18:05:55'),(106,106,'http://www.kassulke.com/',108,0,'1972-01-18 15:07:03'),(107,107,'http://www.runte.com/',48,0,'1998-03-09 20:45:01'),(108,108,'http://www.weissnat.com/',61,4,'2006-04-11 14:08:24'),(109,109,'http://www.pfannerstill.com/',73,1,'2006-11-28 22:14:09'),(110,110,'http://www.rempel.com/',40,0,'2002-01-26 07:10:00'),(111,111,'http://www.baumbach.info/',107,0,'1976-04-01 15:40:37'),(112,112,'http://kutch.biz/',47,4,'2013-05-21 10:54:41'),(113,113,'http://osinskideckow.net/',74,1,'1997-01-28 20:48:46'),(114,114,'http://willmscasper.com/',10,0,'1978-12-20 22:48:12'),(115,115,'http://www.nolanmohr.org/',93,0,'1984-04-29 18:49:04'),(116,116,'http://www.ryanrobel.info/',108,4,'2008-04-10 04:18:47'),(117,117,'http://hermannemard.com/',13,1,'1993-02-18 10:39:12'),(118,118,'http://cartwrightgraham.net/',46,0,'2018-03-22 20:41:52'),(119,119,'http://hesselsauer.biz/',16,0,'1978-11-22 10:19:16'),(120,120,'http://www.schneiderfay.info/',24,4,'1973-07-01 02:51:46'),(121,121,'http://www.wolf.org/',107,1,'1990-01-21 02:37:21'),(122,122,'http://www.boyle.net/',98,0,'1986-11-04 04:56:17'),(123,123,'http://hilllkeeling.com/',79,0,'1999-05-27 00:10:51'),(124,124,'http://brakuschristiansen.net/',29,4,'1973-01-08 06:53:52'),(125,125,'http://www.murphy.com/',31,1,'1975-07-10 23:48:56'),(126,126,'http://hansen.com/',52,0,'1994-08-22 21:10:11'),(127,127,'http://kovacek.com/',6,0,'1991-10-21 09:36:00'),(128,128,'http://www.pfeffergleason.com/',96,0,'1974-07-14 01:05:00'),(129,129,'http://www.metz.net/',32,1,'1990-06-03 15:58:18'),(130,130,'http://www.gusikowski.com/',60,0,'2016-06-02 04:34:06'),(131,131,'http://www.langworth.com/',96,0,'1985-05-09 01:39:11'),(132,132,'http://www.altenwerth.com/',39,0,'1983-11-07 15:55:49'),(133,133,'http://www.schoen.com/',10,1,'1983-08-18 13:18:08'),(134,134,'http://www.hilpert.net/',28,0,'1983-11-11 09:20:23'),(135,135,'http://www.runte.com/',38,0,'2018-08-09 17:21:55'),(136,136,'http://wisozklubowitz.net/',54,0,'2007-08-15 11:13:15'),(137,137,'http://www.hackettgreenholt.org/',93,1,'2015-05-24 00:09:48'),(138,138,'http://kesslerrodriguez.com/',14,0,'2019-07-16 08:15:05'),(139,139,'http://www.mills.com/',20,0,'1983-09-03 04:27:49'),(140,140,'http://www.roob.biz/',73,0,'2006-05-13 08:17:32'),(141,141,'http://paucek.com/',20,1,'1986-12-27 16:10:19'),(142,142,'http://veumberge.com/',37,0,'1989-10-07 00:32:53'),(143,143,'http://www.ratkeswift.com/',99,0,'1971-12-09 10:13:45'),(144,144,'http://www.huels.net/',26,0,'2001-05-08 10:45:30'),(145,145,'http://bernier.com/',4,1,'1983-10-28 07:23:14'),(146,146,'http://www.anderson.com/',81,0,'2008-01-17 06:09:25'),(147,147,'http://www.wilkinson.biz/',50,0,'1985-10-25 06:28:16'),(148,148,'http://kuvalis.com/',103,0,'1970-06-02 03:09:26'),(149,149,'http://kovacekjones.net/',37,1,'2008-07-29 11:24:43'),(150,150,'http://www.johnson.com/',54,0,'2009-03-02 02:30:00'),(151,151,'http://haley.com/',100,0,'2015-02-27 11:13:18'),(152,152,'http://aufderhar.info/',13,0,'1986-07-13 01:28:35'),(153,153,'http://www.kubshields.com/',62,1,'2012-12-11 10:43:48'),(154,154,'http://huelbartoletti.net/',60,0,'1996-04-21 20:46:35'),(155,155,'http://wisozk.org/',36,0,'2008-02-24 12:58:13'),(156,156,'http://www.hillsoconnell.info/',96,0,'1970-09-21 02:33:49'),(157,157,'http://hermann.com/',48,1,'1983-07-10 12:07:03'),(158,158,'http://www.rippin.net/',69,0,'1990-10-29 10:23:00'),(159,159,'http://feil.info/',88,0,'1999-03-10 13:37:42'),(160,160,'http://bruen.biz/',16,0,'2007-03-03 12:48:31'),(161,161,'http://www.okon.org/',107,1,'2002-06-10 08:26:43'),(162,162,'http://breitenberg.com/',96,0,'2008-10-29 08:53:55'),(163,163,'http://bogisichkonopelski.com/',80,0,'2009-05-16 20:48:53'),(164,164,'http://www.kuphal.com/',7,0,'1989-11-27 04:16:15'),(165,165,'http://bernhardbailey.com/',87,1,'2007-08-26 09:43:26'),(166,166,'http://www.shanahannienow.biz/',58,0,'2010-08-29 18:57:33'),(167,167,'http://www.lindgren.com/',104,0,'2005-03-23 03:00:39'),(168,168,'http://schiller.com/',73,0,'1997-09-25 15:07:27'),(169,169,'http://ledner.info/',87,1,'1995-02-05 22:14:12'),(170,170,'http://www.kuvaliswolf.biz/',91,0,'1982-01-20 15:22:09'),(171,171,'http://www.stracke.biz/',56,0,'1995-03-01 10:04:47'),(172,172,'http://www.schneider.com/',15,0,'2008-06-14 05:22:20'),(173,173,'http://www.kutchleannon.biz/',52,1,'1984-12-16 07:51:15'),(174,174,'http://www.murazik.com/',19,0,'2003-04-12 16:10:57'),(175,175,'http://quitzon.biz/',54,0,'2019-12-01 18:11:17'),(176,176,'http://kreiger.com/',90,0,'1972-12-25 15:51:43'),(177,177,'http://nicolasbechtelar.biz/',16,1,'1978-05-20 13:18:47'),(178,178,'http://brakus.com/',54,0,'1982-01-27 02:46:08'),(179,179,'http://medhurst.com/',26,0,'1994-04-25 08:09:13'),(180,180,'http://www.pagaccummerata.info/',99,0,'2017-10-21 09:03:42'),(181,181,'http://schuppe.info/',42,1,'1972-02-20 12:53:51'),(182,182,'http://www.hand.net/',35,0,'2012-08-05 19:57:25'),(183,183,'http://blanda.biz/',110,0,'1991-06-14 01:03:58'),(184,184,'http://www.vonruedennienow.org/',60,0,'1993-09-08 07:21:41'),(185,185,'http://oconnerking.com/',34,1,'1974-06-13 01:06:52'),(186,186,'http://www.yundt.com/',81,0,'2020-05-30 11:52:26'),(187,187,'http://www.welchdickens.biz/',24,0,'1981-11-26 18:15:47'),(188,188,'http://lowe.com/',32,0,'2011-10-19 00:13:42'),(189,189,'http://gerlach.com/',47,1,'2002-09-05 18:09:05'),(190,190,'http://www.morissette.biz/',96,0,'1971-05-01 08:02:44'),(191,1,'http://www.ullrich.info/',103,0,'2019-05-19 18:10:50'),(192,2,'http://www.tremblay.biz/',99,0,'2000-08-10 07:55:57'),(193,3,'http://www.pouros.com/',42,1,'2016-01-12 05:36:21'),(194,4,'http://www.rohan.info/',39,0,'2014-12-08 03:51:53'),(195,5,'http://www.simonis.com/',56,0,'1977-02-09 15:48:27'),(196,6,'http://paucekzieme.com/',54,0,'1971-12-30 17:00:10'),(197,7,'http://monahanbarrows.com/',80,1,'1972-06-09 03:03:23'),(198,8,'http://www.waters.info/',71,0,'2011-06-21 15:19:59'),(199,9,'http://mosciskiprosacco.info/',26,0,'1984-01-14 08:12:38'),(200,10,'http://www.torphy.org/',76,0,'1994-06-18 01:06:03'),(201,11,'http://www.cassin.com/',69,1,'1994-02-07 15:43:15'),(202,12,'http://www.klocko.com/',36,0,'1970-12-28 06:51:16'),(203,13,'http://brakus.org/',62,0,'1989-05-31 08:12:01'),(204,14,'http://hirthe.info/',100,0,'2013-02-17 08:38:16'),(205,15,'http://mcclure.info/',37,1,'2001-09-07 16:51:45'),(206,16,'http://kuhlmanwuckert.info/',23,0,'2019-07-28 06:43:03'),(207,17,'http://schoenstark.com/',54,0,'2009-11-10 03:41:49'),(208,18,'http://www.ratke.com/',61,0,'1975-02-26 10:57:24'),(209,19,'http://shields.biz/',73,1,'1975-02-13 02:19:09'),(210,20,'http://www.collinsleuschke.com/',60,0,'1975-12-27 17:05:34'),(211,21,'http://www.goldner.net/',41,0,'1985-11-11 15:53:20'),(212,22,'http://www.muller.biz/',48,0,'1993-07-03 05:06:27'),(213,23,'http://murphy.net/',64,1,'1982-08-30 04:30:32'),(214,24,'http://hirthe.biz/',60,0,'1984-04-10 23:16:44'),(215,25,'http://www.klein.net/',100,0,'1975-06-27 11:03:01'),(216,26,'http://daughertychristiansen.com/',38,0,'2004-10-18 05:23:18'),(217,27,'http://schoen.net/',38,1,'2017-11-19 12:45:18'),(218,28,'http://schroeder.org/',105,0,'1999-03-29 22:34:48'),(219,29,'http://gerlachsipes.org/',109,0,'2017-12-09 14:53:33'),(220,30,'http://beckergibson.com/',55,0,'2008-01-28 20:43:41'),(221,31,'http://durganjakubowski.com/',40,1,'1999-05-26 10:16:55'),(222,32,'http://pacocha.com/',77,0,'1981-09-13 06:11:32'),(223,33,'http://parisian.com/',93,0,'1974-07-01 15:32:18'),(224,34,'http://www.skiles.com/',13,0,'1982-06-13 22:34:10'),(225,35,'http://kshlerin.org/',81,1,'1972-07-27 15:35:18'),(226,36,'http://jaskolski.com/',73,0,'1999-07-22 19:22:37'),(227,37,'http://ratkehane.com/',82,0,'1978-04-12 15:01:36'),(228,38,'http://www.mcdermotthauck.com/',82,0,'2008-12-10 00:52:09'),(229,39,'http://www.ullrich.com/',80,1,'2016-06-23 04:21:27'),(230,40,'http://www.wolffwehner.com/',62,0,'2002-02-11 12:46:04'),(231,41,'http://veum.org/',100,0,'2018-10-14 00:53:16'),(232,42,'http://www.franecki.com/',36,0,'1970-10-28 10:14:27'),(233,43,'http://www.ritchie.com/',31,1,'2009-11-28 20:26:18'),(234,44,'http://gusikowski.net/',64,0,'1990-06-20 04:55:30'),(235,45,'http://www.mann.com/',27,0,'1992-12-13 16:07:26'),(236,46,'http://reynolds.com/',96,0,'2000-05-29 17:51:12'),(237,47,'http://www.ernser.com/',83,1,'2018-12-13 06:14:59'),(238,48,'http://gislason.com/',86,0,'2000-11-11 08:20:56'),(239,49,'http://wolf.org/',99,0,'2010-09-06 16:30:14'),(240,50,'http://murphydooley.com/',78,0,'1984-08-01 15:39:36'),(241,51,'http://www.jerde.com/',17,1,'1996-03-13 19:42:30'),(242,52,'http://hamilltremblay.com/',4,0,'2019-04-09 22:41:49'),(243,53,'http://www.ernsergrimes.com/',100,0,'1989-05-02 16:38:40'),(244,54,'http://heidenreichbartoletti.com/',50,0,'1977-08-24 16:11:21'),(245,55,'http://cassin.com/',50,1,'2001-07-01 07:00:05'),(246,56,'http://www.weberfritsch.com/',85,0,'2019-09-21 16:37:00'),(247,57,'http://www.lockman.com/',99,0,'2005-12-30 16:07:03'),(248,58,'http://www.simonis.com/',16,0,'1981-11-23 21:26:18'),(249,59,'http://aufderhar.com/',25,1,'1976-10-14 02:30:34'),(250,60,'http://dicki.biz/',52,0,'1976-03-21 00:48:23'),(251,61,'http://lang.net/',98,0,'2000-06-21 19:33:07'),(252,62,'http://www.auer.com/',20,0,'1981-09-11 01:18:25'),(253,63,'http://ebert.com/',22,1,'2014-06-21 17:24:54'),(254,64,'http://mohrsipes.com/',60,0,'1979-10-27 07:23:28'),(255,65,'http://www.bednar.com/',50,0,'2000-12-01 16:50:53'),(256,66,'http://quigley.net/',51,0,'1997-12-15 02:33:08'),(257,67,'http://wisozklindgren.com/',8,1,'2019-12-13 10:43:37'),(258,68,'http://www.powlowskiorn.com/',109,0,'2009-01-01 12:28:10'),(259,69,'http://www.kemmereichmann.com/',108,0,'2002-10-20 09:41:37'),(260,70,'http://www.prosacco.com/',80,0,'2001-06-18 16:47:56'),(261,71,'http://wiegand.com/',24,1,'2003-08-02 21:04:23'),(262,72,'http://heaneykerluke.info/',77,0,'2010-09-22 13:51:47'),(263,73,'http://www.wolffward.com/',38,0,'1971-01-25 07:07:40'),(264,74,'http://runolfsdottir.com/',42,0,'2016-11-04 14:33:49'),(265,75,'http://www.jastgleason.com/',107,1,'1978-01-23 08:55:00'),(266,76,'http://ullrich.com/',102,0,'1980-12-01 17:40:18'),(267,77,'http://emmerich.com/',41,0,'1975-12-04 19:46:24'),(268,78,'http://osinski.net/',73,0,'1971-05-05 05:57:36'),(269,79,'http://www.brekkekeebler.com/',54,1,'1978-04-27 08:27:46'),(270,80,'http://cruickshank.org/',32,0,'1996-10-11 00:20:41'),(271,81,'http://terry.net/',39,0,'2018-03-09 11:00:16'),(272,82,'http://www.shields.org/',17,0,'1996-08-21 03:17:34'),(273,83,'http://schmidt.com/',90,1,'2007-05-30 06:14:11'),(274,84,'http://wintheiserkozey.com/',87,0,'1971-11-21 02:53:04'),(275,85,'http://welch.com/',72,0,'1990-06-03 20:47:02'),(276,86,'http://www.reichert.com/',40,0,'1998-06-14 04:24:52'),(277,87,'http://www.morar.com/',81,1,'1978-08-09 07:37:18'),(278,88,'http://deckow.com/',32,0,'1984-04-17 23:57:45'),(279,89,'http://www.feest.com/',22,0,'2012-09-10 04:41:28'),(280,90,'http://krajcik.com/',29,0,'1970-05-05 14:09:55'),(281,91,'http://www.gerlach.com/',23,1,'1998-07-30 10:09:21'),(282,92,'http://www.pagac.com/',40,0,'1988-01-06 13:59:16'),(283,93,'http://www.gutmann.com/',47,0,'1972-04-21 12:22:03'),(284,94,'http://www.braun.biz/',28,0,'1988-01-07 04:51:54'),(285,95,'http://www.pacochapowlowski.com/',28,1,'2010-04-29 05:41:18'),(286,96,'http://www.okeefe.com/',52,0,'2005-12-18 00:44:57'),(287,97,'http://www.hahn.com/',61,0,'2013-10-07 14:00:24'),(288,98,'http://lindgrenokon.info/',54,0,'2000-07-16 02:09:38'),(289,99,'http://www.rice.com/',70,1,'2017-05-28 23:02:54'),(290,100,'http://kubheathcote.com/',34,0,'1992-06-22 18:49:44'),(291,101,'http://www.pricekub.info/',67,0,'2014-02-06 22:36:21'),(292,102,'http://miller.com/',56,0,'1996-05-28 21:09:48'),(293,103,'http://www.botsfordlittle.com/',20,1,'2006-09-28 05:29:43'),(294,104,'http://batz.com/',92,0,'2013-03-08 08:20:16'),(295,105,'http://halvorsonfisher.biz/',97,0,'1999-05-03 16:46:38'),(296,106,'http://welch.com/',49,0,'1997-09-14 05:37:31'),(297,107,'http://kundecollier.net/',23,1,'1997-01-24 11:35:59'),(298,108,'http://yundtpagac.com/',65,0,'1985-08-12 17:01:38'),(299,109,'http://feilgreen.com/',109,0,'1993-01-18 09:29:51'),(300,110,'http://farrell.com/',50,0,'2002-08-17 15:37:21'),(301,111,'http://donnellygoodwin.org/',62,1,'1983-07-07 18:09:01'),(302,112,'http://www.flatleybatz.com/',60,0,'1986-05-13 10:52:02'),(303,113,'http://wolf.net/',14,0,'1990-08-29 15:30:35'),(304,114,'http://rutherfordarmstrong.org/',104,0,'2006-09-16 06:37:00'),(305,115,'http://conn.org/',65,1,'1984-06-18 22:28:55'),(306,116,'http://www.koelpinmann.net/',86,0,'2013-09-03 17:47:31'),(307,117,'http://www.maggiocorwin.biz/',92,0,'2012-07-19 12:06:05'),(308,118,'http://larson.com/',110,0,'2004-11-19 22:20:31'),(309,119,'http://www.hessel.com/',45,1,'2014-04-02 16:52:03'),(310,120,'http://paucekpfeffer.com/',27,0,'2004-02-20 08:42:27'),(311,121,'http://hamillmiller.com/',33,0,'2014-12-30 08:53:27'),(312,122,'http://www.aufderhar.org/',81,0,'2004-01-02 16:52:04'),(313,123,'http://www.bergnaumwelch.com/',36,1,'2003-05-11 17:13:59'),(314,124,'http://www.darebrown.biz/',24,0,'1984-05-02 17:39:51'),(315,125,'http://kuphaljacobi.com/',61,0,'1976-07-19 11:44:02'),(316,126,'http://www.casper.com/',42,0,'2010-06-13 10:05:18'),(317,127,'http://gutmann.info/',14,1,'1990-02-19 13:18:29'),(318,128,'http://www.bernierswift.com/',22,0,'1973-07-12 03:47:34'),(319,129,'http://www.pagac.com/',77,0,'2003-12-25 13:34:06'),(320,130,'http://www.zulauf.com/',16,0,'2014-04-14 07:23:21'),(321,131,'http://www.olson.info/',24,1,'2005-05-12 15:20:38'),(322,132,'http://www.greenfelder.com/',62,0,'2015-07-03 17:27:50'),(323,133,'http://www.hammeswill.com/',106,0,'1986-10-07 11:02:17'),(324,134,'http://sauer.org/',45,0,'2000-09-11 08:29:15'),(325,135,'http://www.quitzon.com/',45,1,'1970-07-02 03:41:41'),(326,136,'http://www.kuhn.com/',82,0,'2010-06-11 05:42:19'),(327,137,'http://www.kutch.com/',74,0,'1996-07-31 18:14:07'),(328,138,'http://www.mcglynnbosco.com/',93,0,'2013-02-13 16:26:46'),(329,139,'http://grant.com/',19,1,'2000-12-10 09:17:34'),(330,140,'http://bogisich.com/',50,0,'1977-04-06 03:14:29'),(331,141,'http://www.rice.org/',4,0,'2009-02-13 23:52:23'),(332,142,'http://www.durganschiller.com/',51,0,'1982-04-12 14:14:30'),(333,143,'http://mrazfadel.com/',79,1,'1977-02-06 23:40:28'),(334,144,'http://beatty.com/',84,0,'1980-06-13 02:35:45'),(335,145,'http://www.spinka.net/',49,0,'2017-10-11 13:48:15'),(336,146,'http://www.kemmerconn.com/',89,0,'1970-02-09 11:58:00'),(337,147,'http://mosciski.biz/',97,1,'1984-11-16 12:00:12'),(338,148,'http://www.collier.org/',53,0,'2015-03-29 10:07:49'),(339,149,'http://rau.biz/',58,0,'2013-04-03 06:45:59'),(340,150,'http://hermannmraz.net/',25,0,'1982-08-15 19:44:52'),(341,151,'http://www.mosciski.com/',8,1,'2021-01-15 11:34:38'),(342,152,'http://bernier.com/',25,0,'1998-12-27 04:51:01'),(343,153,'http://www.rempelwyman.com/',77,0,'1998-11-23 16:12:21'),(344,154,'http://vandervortbins.com/',17,0,'1990-05-21 23:02:20'),(345,155,'http://murazikkoelpin.biz/',90,1,'1987-08-19 04:02:11'),(346,156,'http://www.roobabshire.org/',99,0,'1972-01-16 08:21:10'),(347,157,'http://www.willmsreichert.net/',10,0,'1976-02-25 03:49:23'),(348,158,'http://www.konopelskidamore.com/',71,0,'1980-09-14 15:44:19'),(349,159,'http://cruickshank.com/',51,1,'2017-10-07 05:14:00'),(350,160,'http://mcglynn.com/',25,0,'1972-09-09 03:19:38'),(351,161,'http://rolfsonherman.biz/',38,0,'1970-04-03 09:37:04'),(352,162,'http://www.mclaughlinherman.com/',96,0,'2018-12-24 03:28:19'),(353,163,'http://miller.org/',6,1,'2020-07-07 01:26:47'),(354,164,'http://gaylordparisian.com/',18,0,'1992-04-29 12:01:21'),(355,165,'http://www.abernathy.org/',37,0,'1983-03-15 21:04:45'),(356,166,'http://www.simonis.com/',70,0,'1971-02-09 03:21:58'),(357,167,'http://corkery.com/',52,1,'1997-12-15 23:02:10'),(358,168,'http://www.marks.biz/',32,0,'1993-10-12 23:41:20'),(359,169,'http://kovacekmiller.com/',87,0,'1977-07-12 23:44:57'),(360,170,'http://conroy.com/',88,0,'2019-09-13 22:24:24'),(361,171,'http://spinkacummerata.com/',78,1,'1995-09-18 04:15:51'),(362,172,'http://www.yundt.net/',90,0,'1991-10-03 01:06:01'),(363,173,'http://mcclure.biz/',83,0,'2012-09-19 07:59:43'),(364,174,'http://www.okondickinson.info/',95,0,'1973-05-28 04:20:41'),(365,175,'http://schaefer.info/',88,1,'2017-07-23 21:47:21'),(366,176,'http://www.borerhessel.com/',93,0,'1972-10-11 14:01:14'),(367,177,'http://haag.com/',80,0,'1979-06-26 01:51:01'),(368,178,'http://www.okeefe.net/',32,0,'1991-06-08 20:49:33'),(369,179,'http://heathcote.com/',8,1,'1982-02-08 20:19:48'),(370,180,'http://howellaltenwerth.com/',63,0,'2011-07-20 01:46:08'),(371,181,'http://herman.com/',80,0,'1991-10-12 12:42:19'),(372,182,'http://zulauf.com/',98,0,'2017-01-07 15:09:31'),(373,183,'http://www.kertzmann.net/',99,1,'1977-06-12 06:43:22'),(374,184,'http://metzkuphal.com/',23,0,'1982-07-06 00:08:45'),(375,185,'http://www.moen.biz/',25,0,'2013-09-05 04:04:59'),(376,186,'http://www.terry.com/',10,0,'1986-02-09 03:37:21'),(377,187,'http://johns.com/',10,1,'1973-01-24 22:43:47'),(378,188,'http://www.torphy.com/',65,0,'1990-03-04 00:38:57'),(379,189,'http://mills.com/',103,0,'1985-03-19 10:45:15'),(380,190,'http://kassulke.com/',101,0,'2020-04-28 18:50:36'),(381,1,'http://www.dickihyatt.com/',15,1,'1979-04-11 07:57:29'),(382,2,'http://www.collins.com/',33,0,'2016-08-03 06:00:30'),(383,3,'http://www.mckenzie.com/',4,0,'2016-10-06 21:39:58'),(384,4,'http://www.oreilly.info/',55,0,'1989-02-10 20:37:43'),(385,5,'http://kessler.com/',18,1,'1994-09-23 14:39:11'),(386,6,'http://muller.biz/',47,0,'2004-04-02 22:19:22'),(387,7,'http://lowe.net/',96,0,'2006-12-09 20:48:39'),(388,8,'http://www.murray.com/',93,0,'2011-02-25 05:42:31'),(389,9,'http://www.kling.com/',27,1,'2015-05-04 03:55:32'),(390,10,'http://www.parisianrau.com/',32,0,'2001-09-29 06:49:18'),(391,11,'http://www.bartonbailey.com/',98,0,'2002-10-10 08:31:24'),(392,12,'http://www.fadel.com/',27,0,'2012-01-31 13:59:21'),(393,13,'http://toymohr.com/',54,1,'1998-09-18 00:54:50'),(394,14,'http://www.jacobi.net/',14,0,'2002-06-27 01:15:00'),(395,15,'http://www.mccullough.com/',45,0,'1976-01-22 03:27:36'),(396,16,'http://www.stanton.com/',51,0,'1990-12-10 04:56:28'),(397,17,'http://walker.com/',56,1,'1979-07-03 02:08:18'),(398,18,'http://brown.net/',42,0,'2003-12-25 21:29:39'),(399,19,'http://krajcik.com/',45,0,'1999-11-02 08:10:40'),(400,20,'http://mertz.com/',64,0,'2014-08-10 05:58:54'),(401,21,'http://www.schiller.com/',103,1,'2001-04-10 14:17:13'),(402,22,'http://www.fritsch.com/',96,0,'2018-06-25 01:17:30'),(403,23,'http://www.balistrerichamplin.org/',11,0,'1996-11-10 23:02:01'),(404,24,'http://trantowstreich.com/',92,0,'2008-02-05 05:43:26'),(405,25,'http://kris.com/',29,1,'1991-06-23 17:52:11'),(406,26,'http://www.murazik.org/',92,0,'1981-09-13 12:22:13'),(407,27,'http://www.stiedemann.com/',79,0,'1997-06-08 15:14:33'),(408,28,'http://www.langkertzmann.com/',6,0,'1978-07-30 01:13:23'),(409,29,'http://www.leannon.info/',24,1,'1996-11-21 18:35:49'),(410,30,'http://www.williamson.com/',104,0,'2002-09-07 23:05:29'),(411,31,'http://www.carter.com/',49,0,'2021-02-04 00:11:56'),(412,32,'http://www.osinskikautzer.biz/',58,0,'1979-03-01 17:19:52'),(413,33,'http://starkkirlin.info/',52,1,'2019-05-25 16:29:35'),(414,34,'http://ledner.biz/',102,0,'1974-09-11 22:21:30'),(415,35,'http://wehnerhegmann.biz/',18,0,'2005-07-08 17:01:38'),(416,36,'http://champlin.com/',54,0,'1991-11-13 14:29:05'),(417,37,'http://brekkebailey.com/',90,1,'1985-07-15 13:48:05'),(418,38,'http://krajcik.info/',60,0,'2002-08-04 00:39:26'),(419,39,'http://haley.biz/',3,0,'1979-06-19 01:38:00'),(420,40,'http://www.ferry.com/',104,0,'1975-03-07 15:02:14'),(421,41,'http://monahanfunk.com/',101,1,'1974-08-21 13:50:45'),(422,42,'http://www.watsicatorp.biz/',48,0,'1971-10-27 00:34:01'),(423,43,'http://jonesbechtelar.com/',60,0,'2008-10-13 11:22:23'),(424,44,'http://www.ferryratke.com/',6,0,'2002-08-01 14:39:29'),(425,45,'http://swaniawski.com/',80,1,'1980-07-06 01:00:46'),(426,46,'http://www.abbottharris.com/',55,0,'1984-05-20 15:29:17'),(427,47,'http://hanekshlerin.com/',30,0,'1986-12-28 21:00:23'),(428,48,'http://www.cartwrightlarkin.org/',4,0,'1989-10-29 04:43:57'),(429,49,'http://www.gaylordfay.com/',21,1,'1992-11-04 16:39:03'),(430,50,'http://ratke.com/',62,0,'1983-09-25 06:20:30'),(431,51,'http://ryan.com/',70,0,'1977-05-13 10:31:47'),(432,52,'http://www.davis.org/',14,0,'1984-04-03 12:20:37'),(433,53,'http://feest.net/',108,1,'1985-11-14 23:16:45'),(434,54,'http://blockrunolfsson.com/',55,0,'1979-11-14 00:08:07'),(435,55,'http://ernser.net/',69,0,'1997-12-20 06:19:33'),(436,56,'http://www.gerhold.org/',29,0,'2010-09-26 01:22:48'),(437,57,'http://www.renner.com/',44,1,'2002-12-01 05:45:57'),(438,58,'http://www.mccullough.com/',102,0,'1989-10-23 22:19:58'),(439,59,'http://www.bahringer.net/',55,0,'1988-02-18 21:10:00'),(440,60,'http://shieldssmitham.info/',69,0,'1982-10-14 04:14:28'),(441,61,'http://www.halvorson.com/',56,1,'1982-08-11 05:22:41'),(442,62,'http://bednar.info/',42,0,'1987-12-25 07:22:35'),(443,63,'http://www.hermannboehm.com/',93,0,'1975-04-12 13:22:13'),(444,64,'http://www.mcclure.com/',32,0,'2016-04-12 11:23:50'),(445,65,'http://grady.com/',42,1,'1971-10-09 21:42:55'),(446,66,'http://mayert.com/',44,0,'2010-09-15 01:44:10'),(447,67,'http://herman.org/',73,0,'2010-05-08 22:01:52'),(448,68,'http://www.romagueraparisian.com/',51,0,'1989-06-05 02:34:12'),(449,69,'http://www.king.com/',28,1,'1993-02-27 03:28:58'),(450,70,'http://www.lebsack.com/',84,0,'1974-12-02 21:44:43'),(451,71,'http://www.wymanmurray.net/',8,0,'2012-01-11 20:56:30'),(452,72,'http://brekke.info/',66,0,'1996-08-10 11:57:37'),(453,73,'http://www.flatley.info/',18,1,'1978-07-14 18:23:02'),(454,74,'http://braun.com/',76,0,'1997-02-05 18:01:30'),(455,75,'http://www.rolfson.com/',42,0,'2017-04-11 00:48:23'),(456,76,'http://www.johnson.org/',63,0,'2007-12-09 00:41:02'),(457,77,'http://wunsch.com/',68,1,'2008-12-28 04:16:51'),(458,78,'http://goyette.com/',88,0,'1980-09-14 11:41:13'),(459,79,'http://blanda.net/',85,0,'2009-01-01 17:40:04'),(460,80,'http://kerluke.com/',109,0,'2018-03-15 20:06:55'),(461,81,'http://macejkovicfahey.com/',84,1,'1997-07-12 22:15:31'),(462,82,'http://www.douglasmosciski.com/',91,0,'2010-11-25 07:42:35'),(463,83,'http://jacobikeeling.org/',32,0,'2013-12-26 09:27:01'),(464,84,'http://www.herzog.com/',87,0,'2009-09-27 16:02:48'),(465,85,'http://abshire.org/',52,1,'1982-05-17 17:20:22'),(466,86,'http://klein.info/',37,0,'2012-09-28 08:15:53'),(467,87,'http://erdman.com/',15,0,'1987-12-17 01:56:29'),(468,88,'http://altenwerthgreen.org/',39,0,'2003-05-19 14:12:56'),(469,89,'http://nolanruecker.com/',44,1,'1980-03-13 02:20:55'),(470,90,'http://www.nolan.net/',48,0,'1995-02-08 08:48:06'),(471,91,'http://www.doyleglover.com/',56,0,'1991-01-24 16:15:06'),(472,92,'http://www.zulauf.com/',24,0,'1989-01-31 04:38:19'),(473,93,'http://www.marvin.com/',92,1,'1997-02-10 11:23:53'),(474,94,'http://www.hilll.com/',44,0,'2014-07-20 23:32:16'),(475,95,'http://wolffrath.com/',24,0,'1979-08-16 06:35:37'),(476,96,'http://green.info/',72,0,'1971-05-11 15:14:24'),(477,97,'http://www.swaniawski.com/',6,1,'2001-10-09 16:23:46'),(478,98,'http://www.rice.com/',56,0,'2017-10-20 02:20:33'),(479,99,'http://www.hilpertlind.net/',3,0,'1995-04-18 08:36:17'),(480,100,'http://schinner.com/',78,0,'2021-01-26 09:39:36'),(481,101,'http://conn.com/',3,1,'1996-09-24 20:53:43'),(482,102,'http://mann.com/',29,0,'2015-09-16 02:17:00'),(483,103,'http://block.com/',20,0,'2010-12-23 13:01:07'),(484,104,'http://www.leschmiller.com/',13,0,'2011-01-14 00:28:04'),(485,105,'http://muelleryost.net/',8,1,'2014-02-20 21:12:20'),(486,106,'http://hermann.com/',108,0,'1990-03-15 01:19:17'),(487,107,'http://cassin.com/',103,0,'2010-01-18 08:32:12'),(488,108,'http://wuckertking.com/',36,0,'2002-12-21 12:19:03'),(489,109,'http://www.kleindeckow.com/',27,1,'2016-04-19 01:54:18'),(490,110,'http://lind.org/',33,0,'1977-06-14 05:08:49'),(491,111,'http://kemmer.com/',64,0,'1973-01-26 09:13:49'),(492,112,'http://www.beierfeeney.com/',30,0,'1989-03-19 14:03:59'),(493,113,'http://www.howe.com/',62,1,'2014-09-12 02:25:04'),(494,114,'http://www.weissnat.com/',69,0,'1990-02-04 17:23:24'),(495,115,'http://reichelwhite.com/',50,0,'1996-10-08 23:32:26'),(496,116,'http://tremblay.net/',11,0,'1973-09-08 19:34:01'),(497,117,'http://lueilwitz.com/',26,1,'1999-12-31 09:56:12'),(498,118,'http://www.yost.info/',51,0,'2008-04-23 00:09:13'),(499,119,'http://www.sporermonahan.com/',58,0,'1980-05-02 17:01:33'),(500,120,'http://www.cummingsleuschke.org/',25,0,'1973-04-14 10:03:34'),(501,121,'http://www.weimannhamill.com/',56,1,'2011-12-18 07:13:48'),(502,122,'http://www.skilescremin.com/',55,0,'1996-11-29 17:13:09'),(503,123,'http://www.kuhlmanhintz.info/',61,0,'2008-11-26 19:00:13'),(504,124,'http://www.shanahanlakin.com/',50,0,'1987-07-03 22:14:07'),(505,125,'http://thiel.biz/',23,1,'2006-01-24 12:14:00'),(506,126,'http://www.kling.com/',109,0,'1977-12-12 02:59:46'),(507,127,'http://www.predovic.com/',27,0,'2014-06-13 20:59:39'),(508,128,'http://pagac.info/',16,0,'1993-09-29 09:32:02'),(509,129,'http://baumbach.net/',24,1,'1999-10-06 04:29:19'),(510,130,'http://www.eichmann.com/',62,0,'1996-11-21 15:24:23'),(511,131,'http://www.rathhaley.biz/',34,0,'1996-09-26 06:08:06'),(512,132,'http://swaniawski.com/',3,0,'2014-05-15 06:07:39'),(513,133,'http://www.johnstonullrich.com/',16,1,'1979-06-01 04:41:29'),(514,134,'http://www.zulauf.org/',17,0,'1998-09-20 19:18:22'),(515,135,'http://feeneydicki.com/',24,0,'2020-06-26 03:19:19'),(516,136,'http://www.abernathy.com/',6,0,'1975-04-18 17:58:31'),(517,137,'http://www.colehoeger.biz/',21,1,'2016-11-23 02:15:36'),(518,138,'http://www.tromp.biz/',68,0,'1985-05-19 01:57:31'),(519,139,'http://bogisichcruickshank.com/',78,0,'1982-11-07 07:38:59'),(520,140,'http://borer.com/',40,0,'2013-02-08 19:58:45'),(521,141,'http://www.schowalter.com/',29,1,'1975-01-08 16:26:17'),(522,142,'http://www.bruen.com/',43,0,'1990-01-05 07:56:03'),(523,143,'http://larsonvolkman.info/',64,0,'1977-12-18 11:49:28'),(524,144,'http://blanda.com/',67,0,'1982-11-06 02:48:10'),(525,145,'http://www.yundt.net/',72,1,'1982-12-25 06:53:48'),(526,146,'http://block.com/',41,0,'2008-02-03 21:46:49'),(527,147,'http://www.bauchstamm.com/',61,0,'2000-01-16 05:38:29'),(528,148,'http://kingtorphy.org/',7,0,'1973-10-18 10:59:49'),(529,149,'http://www.nolan.biz/',52,1,'2016-05-24 15:43:16'),(530,150,'http://www.wiegand.com/',26,0,'1974-12-03 15:40:40'),(531,151,'http://larkin.com/',28,0,'1976-01-15 01:35:26'),(532,152,'http://dietrich.org/',12,0,'1973-09-28 19:36:52'),(533,153,'http://bednarhamill.org/',38,1,'1979-06-24 14:30:09'),(534,154,'http://grant.biz/',73,0,'1987-11-29 10:51:48'),(535,155,'http://www.wisoky.com/',59,0,'1977-12-25 22:54:17'),(536,156,'http://toybeer.com/',6,0,'1973-09-20 15:20:53'),(537,157,'http://www.binsmckenzie.com/',84,1,'1970-12-29 20:16:00'),(538,158,'http://simonis.info/',20,0,'2000-11-28 17:02:44'),(539,159,'http://corkery.org/',108,0,'1978-03-25 20:00:39'),(540,160,'http://johnsonroberts.info/',49,0,'1983-01-12 04:47:25'),(541,161,'http://kubwilliamson.com/',95,1,'1974-06-20 13:06:41'),(542,162,'http://labadie.info/',90,0,'2017-10-04 01:46:14'),(543,163,'http://leannonmayer.com/',67,0,'1974-06-20 07:01:19'),(544,164,'http://www.schinnerfeil.com/',79,0,'1997-08-22 08:55:11'),(545,165,'http://ryanchamplin.com/',17,1,'1988-03-03 08:22:52'),(546,166,'http://dubuquemcdermott.net/',4,0,'1987-05-24 11:09:33'),(547,167,'http://harvey.com/',10,0,'2012-06-26 01:37:13'),(548,168,'http://www.rolfson.com/',51,0,'1996-03-17 21:36:03'),(549,169,'http://armstrong.info/',61,1,'2017-01-21 06:06:32'),(550,170,'http://www.durganwunsch.biz/',11,0,'1974-10-10 19:52:23'),(551,171,'http://schultz.com/',82,0,'2000-09-07 19:39:59'),(552,172,'http://schinner.biz/',86,0,'1977-12-29 03:26:23'),(553,173,'http://bashirian.com/',62,1,'2009-01-12 14:42:02'),(554,174,'http://www.rolfsonrolfson.com/',94,0,'2018-07-25 17:00:05'),(555,175,'http://kuhn.com/',105,0,'1981-07-05 07:31:08'),(556,176,'http://www.johns.com/',30,0,'2019-09-04 23:49:08'),(557,177,'http://oconnell.com/',106,1,'2002-05-18 06:22:19'),(558,178,'http://www.langosh.com/',23,0,'1995-09-09 23:22:41'),(559,179,'http://goldnerfeeney.com/',30,0,'2020-11-26 07:16:30'),(560,180,'http://www.towne.com/',28,0,'1979-12-08 06:44:13'),(561,181,'http://maggio.com/',43,1,'1978-02-20 02:03:58'),(562,182,'http://www.ryan.biz/',39,0,'1999-07-22 20:52:24'),(563,183,'http://kunde.com/',106,0,'2009-01-19 10:39:54'),(564,184,'http://rau.net/',18,0,'2019-06-09 16:00:10'),(565,185,'http://www.marquardt.net/',43,1,'1970-10-28 15:54:30'),(566,186,'http://www.hartmann.com/',10,0,'1975-07-31 01:20:03'),(567,187,'http://ferrygaylord.com/',30,0,'2015-03-23 15:39:38'),(568,188,'http://effertzweber.com/',51,0,'1994-03-31 20:00:33'),(569,189,'http://www.swaniawskiwintheiser.info/',34,1,'1990-12-07 18:40:30'),(570,190,'http://www.christiansen.org/',53,0,'1984-08-15 14:59:13'),(571,1,'http://www.russel.biz/',86,0,'2018-07-08 20:11:18'),(572,2,'http://www.aufderhar.com/',48,0,'1974-12-08 14:52:16'),(573,3,'http://www.bodehauck.net/',28,1,'1989-07-26 08:23:14'),(574,4,'http://www.towne.biz/',49,0,'2003-08-08 05:33:08'),(575,5,'http://hettingerbaumbach.com/',110,0,'2017-01-23 06:00:04'),(576,6,'http://schmittprohaska.com/',76,0,'1990-08-25 09:07:07'),(577,7,'http://koch.com/',31,1,'2000-09-24 16:56:46'),(578,8,'http://shieldswaelchi.info/',109,0,'1988-04-03 19:49:33'),(579,9,'http://www.fayturner.com/',25,0,'1982-08-12 23:29:23'),(580,10,'http://www.jacobson.com/',46,0,'2004-03-27 09:53:59'),(581,11,'http://www.bogan.com/',20,1,'1988-05-02 00:20:56'),(582,12,'http://www.halvorson.net/',102,0,'1997-05-16 16:34:04'),(583,13,'http://www.ernser.com/',49,0,'1979-11-02 10:14:13'),(584,14,'http://www.hackett.net/',88,0,'2000-08-25 00:59:58'),(585,15,'http://armstrong.net/',63,1,'1977-08-25 20:16:39'),(586,16,'http://www.kuphal.info/',53,0,'1978-06-14 04:52:30'),(587,17,'http://www.hegmannrau.com/',14,0,'2009-11-22 02:35:31'),(588,18,'http://lueilwitz.biz/',14,0,'1972-09-02 09:55:10'),(589,19,'http://ryanmetz.biz/',37,1,'2003-09-26 19:22:24'),(590,20,'http://ortiz.com/',93,0,'2007-11-06 22:30:42'),(591,21,'http://www.koelpin.info/',108,0,'2013-12-29 15:55:12'),(592,22,'http://kuhlmangreenfelder.biz/',104,0,'1982-12-30 01:08:16'),(593,23,'http://www.vandervort.org/',74,1,'1999-10-06 20:46:32'),(594,24,'http://vonrueden.com/',61,0,'2001-03-17 02:53:19'),(595,25,'http://kling.com/',40,0,'1983-10-18 19:12:13'),(596,26,'http://www.ernserterry.com/',76,0,'2017-08-17 04:36:56'),(597,27,'http://veumschulist.com/',57,1,'2015-08-07 12:24:17'),(598,28,'http://hahnrodriguez.com/',71,0,'2011-07-29 02:47:42'),(599,29,'http://douglas.com/',97,0,'2015-07-19 07:38:29'),(600,30,'http://powlowski.com/',94,0,'1985-12-01 17:47:47'),(601,31,'http://vonrueden.com/',99,1,'1982-04-07 04:04:15'),(602,32,'http://baumbach.com/',52,0,'1982-12-08 04:44:51'),(603,33,'http://www.sanford.com/',74,0,'2013-04-05 02:47:50'),(604,34,'http://www.heaney.com/',67,0,'2001-12-15 05:29:43'),(605,35,'http://www.doyle.net/',72,1,'1998-04-30 22:32:32'),(606,36,'http://www.lang.com/',54,0,'2017-05-07 22:16:20'),(607,37,'http://www.pagaclangosh.info/',63,0,'1984-08-03 06:50:13'),(608,38,'http://www.heathcoteschultz.com/',46,0,'2001-11-06 17:06:40'),(609,39,'http://feeneygoodwin.com/',63,1,'1985-09-27 14:46:17'),(610,40,'http://ortiz.com/',10,0,'1972-08-03 12:56:34'),(611,41,'http://conroy.com/',91,0,'2009-03-03 11:13:53'),(612,42,'http://www.koelpin.com/',12,0,'2011-05-16 11:36:28'),(613,43,'http://hickle.biz/',4,1,'2005-01-26 14:07:05'),(614,44,'http://www.halvorson.com/',74,0,'2000-08-05 12:34:22'),(615,45,'http://www.rice.com/',18,0,'1995-10-16 05:35:13'),(616,46,'http://simoniswelch.com/',18,0,'1982-01-23 06:07:04'),(617,47,'http://mccullough.com/',100,1,'2006-07-18 16:56:44'),(618,48,'http://mraz.net/',61,0,'1996-01-26 18:26:41'),(619,49,'http://boyle.biz/',20,0,'2018-12-07 11:00:38'),(620,50,'http://www.stromansmith.com/',43,0,'1984-06-07 09:04:19'),(621,51,'http://www.hessel.biz/',28,1,'1982-08-25 11:08:14'),(622,52,'http://www.corwin.net/',22,0,'2013-03-21 12:02:42'),(623,53,'http://www.jaskolskiborer.info/',90,0,'2001-05-04 08:04:47'),(624,54,'http://jenkinsschultz.org/',79,0,'2020-03-21 05:22:55'),(625,55,'http://marksgraham.biz/',74,1,'1996-10-22 18:46:03'),(626,56,'http://hermanntromp.org/',13,0,'1976-06-11 10:13:54'),(627,57,'http://www.legros.com/',18,0,'2002-01-07 06:44:42'),(628,58,'http://www.purdy.biz/',69,0,'1984-01-31 00:51:54'),(629,59,'http://www.ortiz.com/',44,1,'2008-03-08 09:35:06'),(630,60,'http://www.dachherzog.org/',91,0,'2014-08-02 21:30:23'),(631,61,'http://barrows.com/',17,0,'2005-03-11 00:33:48'),(632,62,'http://bogisichrogahn.com/',31,0,'1991-12-23 18:03:17'),(633,63,'http://mosciski.com/',76,1,'1997-01-16 07:21:57'),(634,64,'http://romaguera.info/',91,0,'2018-09-28 15:17:52'),(635,65,'http://weissnat.info/',48,0,'1974-07-06 12:04:16'),(636,66,'http://anderson.com/',36,0,'1987-12-12 01:31:36'),(637,67,'http://www.bruen.com/',23,1,'1973-05-10 04:01:36'),(638,68,'http://www.kunde.org/',25,0,'1989-07-10 22:43:31'),(639,69,'http://schulist.com/',102,0,'2005-03-05 10:16:36'),(640,70,'http://www.jenkins.biz/',108,0,'2020-09-13 00:06:23'),(641,71,'http://osinskischuster.com/',91,1,'1982-05-17 17:36:17'),(642,72,'http://www.ricecasper.net/',28,0,'2000-11-07 06:21:39'),(643,73,'http://www.conroy.com/',41,0,'2004-10-04 19:40:39'),(644,74,'http://stoltenbergterry.com/',70,0,'1981-04-28 13:41:52'),(645,75,'http://schaefer.com/',67,1,'1974-09-16 02:19:06'),(646,76,'http://www.keeling.com/',49,2,'1973-10-24 13:42:27'),(647,77,'http://www.gutmann.com/',30,0,'2010-11-21 18:15:36'),(648,78,'http://www.farrellreinger.org/',103,0,'2009-09-01 00:36:43'),(649,79,'http://www.strosin.com/',3,1,'2019-11-10 05:58:28'),(650,80,'http://lang.com/',47,2,'1977-02-03 03:10:34'),(651,81,'http://kiehnaufderhar.com/',98,0,'1993-11-20 18:13:31'),(652,82,'http://konopelski.com/',78,0,'1981-04-24 09:39:08'),(653,83,'http://www.rolfson.info/',36,1,'1979-05-30 02:41:11'),(654,84,'http://kunze.org/',30,2,'1986-06-07 03:39:02'),(655,85,'http://rennerwalker.net/',11,0,'1983-05-29 04:27:44'),(656,86,'http://pfeffer.biz/',74,0,'1995-08-13 13:46:25'),(657,87,'http://www.ziemehirthe.info/',80,1,'1980-09-16 17:44:10'),(658,88,'http://hodkiewicz.com/',53,2,'1975-07-30 07:39:49'),(659,89,'http://www.konopelski.com/',9,0,'1988-01-02 10:40:54'),(660,90,'http://www.littlecrist.com/',36,0,'1976-03-11 11:14:28'),(661,91,'http://www.oberbrunner.org/',5,1,'2002-11-24 06:22:43'),(662,92,'http://www.westmonahan.com/',82,2,'1997-11-16 04:43:43'),(663,93,'http://erdman.net/',68,0,'1982-09-15 05:42:17'),(664,94,'http://strackelarkin.info/',78,0,'2009-01-08 01:00:58'),(665,95,'http://boehm.info/',42,1,'2001-11-29 00:13:27'),(666,96,'http://www.cartwright.com/',35,2,'2010-04-05 15:15:49'),(667,97,'http://mayertconn.com/',24,0,'1975-09-16 16:58:43'),(668,98,'http://west.org/',22,0,'1987-06-11 21:59:44'),(669,99,'http://carroll.com/',47,1,'1999-11-16 10:50:03'),(670,100,'http://hermannicolas.com/',55,2,'2011-01-26 01:00:11'),(671,101,'http://www.goyettecummings.com/',105,0,'1994-02-14 11:43:01'),(672,102,'http://zieme.com/',65,0,'1973-08-11 10:36:34'),(673,103,'http://halvorson.net/',51,1,'2014-10-05 06:57:40'),(674,104,'http://hauck.com/',10,2,'2008-12-23 14:22:46'),(675,105,'http://corkery.com/',28,0,'1974-04-05 05:06:29'),(676,106,'http://shanahanyundt.com/',57,0,'2002-03-07 10:12:33'),(677,107,'http://white.net/',57,1,'1997-04-03 11:33:19'),(678,108,'http://www.donnellyauer.info/',24,2,'2010-03-03 05:07:51'),(679,109,'http://tromp.com/',67,0,'2008-05-19 03:10:14'),(680,110,'http://parisian.com/',21,0,'2016-01-22 19:47:55'),(681,111,'http://johnson.com/',39,1,'1974-09-04 09:05:18'),(682,112,'http://www.hoppe.org/',22,2,'1988-10-21 20:34:11'),(683,113,'http://doyle.com/',58,0,'1990-12-01 14:41:11'),(684,114,'http://mcglynn.info/',48,0,'2008-01-28 00:48:51'),(685,115,'http://rogahnjacobs.com/',102,1,'2007-05-25 13:26:06'),(686,116,'http://okeefe.info/',34,2,'2020-09-02 22:52:20'),(687,117,'http://kerluke.com/',69,0,'1999-11-17 14:07:22'),(688,118,'http://hamill.com/',74,0,'1971-07-06 14:10:00'),(689,119,'http://www.rodriguez.com/',44,1,'1986-09-14 18:03:45'),(690,120,'http://www.dickinsonrodriguez.org/',63,2,'1999-07-20 10:46:40'),(691,121,'http://www.carroll.biz/',52,0,'2018-02-19 08:51:26'),(692,122,'http://homenickpurdy.com/',52,0,'2002-04-04 00:18:27'),(693,123,'http://www.abernathy.com/',41,1,'1991-09-19 09:23:34'),(694,124,'http://watsica.com/',52,2,'2020-02-23 06:46:54'),(695,125,'http://www.rogahnheller.com/',22,0,'2003-03-17 17:05:02'),(696,126,'http://www.rohan.com/',89,0,'2018-06-09 13:42:28'),(697,127,'http://kirlin.biz/',58,1,'1988-07-08 04:20:16'),(698,128,'http://hansen.com/',74,2,'1990-11-09 15:27:01'),(699,129,'http://muraziklubowitz.com/',54,0,'1982-04-28 12:00:33'),(700,130,'http://cormier.com/',39,0,'1988-07-20 11:15:54'),(701,131,'http://www.bahringerwunsch.com/',96,1,'1973-11-16 00:33:38'),(702,132,'http://runolfsdottirvolkman.biz/',74,2,'1992-05-23 05:06:14'),(703,133,'http://www.grant.com/',42,0,'1988-06-24 23:04:23'),(704,134,'http://www.kling.info/',88,0,'1972-10-24 07:11:07'),(705,135,'http://www.senger.com/',60,1,'2006-07-22 09:54:26'),(706,136,'http://anderson.com/',21,2,'2002-03-09 04:15:53'),(707,137,'http://heathcote.com/',24,0,'1990-08-02 09:45:16'),(708,138,'http://www.deckowsporer.biz/',50,0,'1991-08-15 07:55:24'),(709,139,'http://www.gusikowski.com/',104,1,'1987-06-10 15:07:03'),(710,140,'http://www.swaniawski.biz/',19,2,'2007-08-19 10:07:02'),(711,141,'http://www.herzogzieme.com/',105,0,'1976-09-08 22:14:42'),(712,142,'http://www.pauceklindgren.com/',26,0,'1987-03-04 04:14:55'),(713,143,'http://frami.net/',3,1,'1995-09-24 18:56:37'),(714,144,'http://www.kassulke.com/',85,2,'2019-05-17 19:53:18'),(715,145,'http://walshfay.com/',67,0,'1974-03-08 00:16:50'),(716,146,'http://lubowitz.com/',47,0,'2019-02-09 09:45:01'),(717,147,'http://www.koepplemke.com/',73,1,'1996-05-28 21:25:04'),(718,148,'http://www.kunze.org/',93,2,'2020-08-06 03:53:06'),(719,149,'http://www.keebler.biz/',75,0,'2015-09-14 16:20:11'),(720,150,'http://www.bradtke.com/',90,0,'2008-01-19 00:54:41'),(721,151,'http://white.com/',96,1,'1995-03-19 06:28:51'),(722,152,'http://heathcotefeil.com/',23,2,'2017-05-13 09:07:10'),(723,153,'http://www.wolff.com/',11,0,'2001-12-11 14:23:26'),(724,154,'http://www.lowe.com/',41,0,'1971-05-29 03:32:55'),(725,155,'http://www.sauer.info/',31,1,'1977-05-19 17:42:18'),(726,156,'http://romaguera.net/',61,2,'1970-08-23 17:34:00'),(727,157,'http://www.hirthe.biz/',100,0,'2005-05-21 23:56:24'),(728,158,'http://www.gutkowski.com/',63,0,'1970-01-17 03:22:09'),(729,159,'http://www.crooks.com/',69,1,'1973-01-28 16:35:19'),(730,160,'http://veum.com/',89,2,'1998-11-08 15:23:38'),(731,161,'http://champlin.net/',87,0,'2011-04-20 23:26:18'),(732,162,'http://www.kilbackwolf.com/',71,0,'2010-12-20 20:57:31'),(733,163,'http://www.heaneygrady.com/',100,1,'2003-04-11 03:52:43'),(734,164,'http://hand.org/',80,2,'1978-06-30 00:58:39'),(735,165,'http://hermannfadel.com/',104,0,'1976-08-16 01:43:20'),(736,166,'http://www.bayer.net/',77,0,'1974-04-05 13:18:07'),(737,167,'http://erdman.com/',33,1,'2001-10-09 11:09:30'),(738,168,'http://dare.info/',56,2,'2018-10-20 04:58:58'),(739,169,'http://www.schmidtondricka.biz/',19,0,'2015-08-12 01:29:45'),(740,170,'http://www.harrishartmann.com/',45,0,'2002-11-10 21:17:11'),(741,171,'http://abernathy.com/',28,1,'1973-10-03 01:29:02'),(742,172,'http://trompoberbrunner.com/',69,2,'1977-01-12 16:35:29'),(743,173,'http://www.schamberger.com/',40,0,'1970-07-03 11:42:00'),(744,174,'http://www.barrows.com/',62,0,'2003-02-03 08:35:57'),(745,175,'http://powlowski.com/',65,1,'2002-02-06 19:30:27'),(746,176,'http://terrystracke.com/',67,2,'2007-11-18 01:50:10'),(747,177,'http://www.kirlindicki.com/',16,0,'1995-09-20 00:19:52'),(748,178,'http://mcglynn.net/',104,0,'1971-05-19 14:37:59'),(749,179,'http://wiza.biz/',95,1,'1980-04-10 22:01:26'),(750,180,'http://www.schumm.com/',55,2,'2007-05-10 10:57:43'),(751,181,'http://ratke.com/',69,0,'2016-02-06 15:22:35'),(752,182,'http://www.jakubowskiboehm.com/',34,0,'1989-07-19 23:10:42'),(753,183,'http://batz.net/',39,1,'1993-03-01 07:53:23'),(754,184,'http://www.hudson.info/',37,2,'2016-04-14 21:47:59'),(755,185,'http://www.auer.com/',87,0,'1987-12-10 03:01:21'),(756,186,'http://sanford.com/',43,0,'2017-02-26 07:20:47'),(757,187,'http://www.tremblayconn.com/',44,1,'2014-05-31 07:00:58'),(758,188,'http://www.wolff.org/',20,2,'2010-03-20 02:51:18'),(759,189,'http://www.hickle.com/',43,0,'1987-09-30 05:38:30'),(760,190,'http://townehansen.biz/',95,0,'2009-04-06 16:24:25'),(761,1,'http://littlestoltenberg.com/',9,1,'2014-05-29 19:22:14'),(762,2,'http://willgoyette.com/',70,2,'1997-09-03 01:17:25'),(763,3,'http://www.jones.com/',70,0,'1976-12-21 03:23:18'),(764,4,'http://lowe.com/',9,0,'1996-01-26 13:37:08'),(765,5,'http://www.koss.info/',16,1,'1972-07-19 09:02:09'),(766,6,'http://www.vonrueden.biz/',25,2,'1997-09-27 12:03:46'),(767,7,'http://www.langmohr.com/',57,0,'1989-03-10 11:22:26'),(768,8,'http://vonschoen.com/',81,0,'2006-05-21 18:42:26'),(769,9,'http://crona.com/',89,1,'2001-10-02 15:12:04'),(770,10,'http://www.shanahan.com/',23,2,'1972-07-09 17:11:12'),(771,11,'http://www.luettgensenger.com/',98,0,'1987-09-28 16:40:20'),(772,12,'http://skiles.com/',29,0,'1970-10-09 12:45:53'),(773,13,'http://lubowitzmonahan.com/',64,1,'2016-09-06 17:57:29'),(774,14,'http://muller.org/',4,2,'1980-09-01 07:29:44'),(775,15,'http://mcglynn.com/',27,0,'2019-12-24 03:50:15'),(776,16,'http://www.schulist.com/',14,0,'2002-11-24 05:55:26'),(777,17,'http://fahey.com/',59,1,'1994-04-18 17:27:39'),(778,18,'http://www.johnson.com/',25,2,'1986-03-30 14:22:50'),(779,19,'http://cartwrightbraun.com/',63,0,'2015-02-20 12:24:32'),(780,20,'http://www.stoltenberg.com/',71,0,'1994-08-25 13:35:15'),(781,21,'http://www.nienow.com/',56,1,'2003-05-11 10:11:38'),(782,22,'http://www.hessel.com/',31,2,'1974-07-23 08:03:56'),(783,23,'http://www.markspadberg.com/',102,0,'1972-06-30 20:54:39'),(784,24,'http://www.schmitt.org/',12,0,'2018-01-24 23:08:25'),(785,25,'http://nienowpadberg.org/',49,1,'1993-07-20 17:59:57'),(786,26,'http://hermanzulauf.com/',81,2,'1971-11-01 17:20:27'),(787,27,'http://hackett.com/',76,0,'1987-12-07 12:22:00'),(788,28,'http://www.hermann.com/',20,0,'2000-12-01 19:36:46'),(789,29,'http://hammessenger.com/',43,1,'2016-09-07 17:06:20'),(790,30,'http://becker.com/',57,2,'1981-06-08 03:53:22'),(791,31,'http://www.bayer.com/',100,0,'2019-07-07 10:06:14'),(792,32,'http://crooks.org/',78,0,'1999-08-16 14:44:50'),(793,33,'http://hickle.com/',13,1,'2011-04-02 16:51:35'),(794,34,'http://www.halvorson.biz/',6,2,'1994-06-08 07:30:43'),(795,35,'http://rath.com/',106,0,'1982-06-01 18:21:01'),(796,36,'http://www.botsford.org/',100,0,'1993-08-14 03:05:55'),(797,37,'http://muller.biz/',71,1,'1972-09-26 02:41:41'),(798,38,'http://rogahn.com/',86,2,'1993-04-26 11:45:33'),(799,39,'http://www.boehmwyman.org/',8,0,'1982-02-20 07:38:16'),(800,40,'http://www.oberbrunner.info/',45,0,'1986-02-08 23:59:28'),(801,41,'http://hansen.com/',4,1,'1990-02-04 06:31:07'),(802,42,'http://www.bradtke.org/',89,2,'1981-08-12 10:28:10'),(803,43,'http://bauchprice.com/',52,3,'2011-11-02 18:07:18'),(804,44,'http://kirlin.com/',78,0,'1982-05-17 15:54:07'),(805,45,'http://cummerata.com/',85,1,'1977-10-23 07:26:00'),(806,46,'http://trantow.com/',58,2,'2000-09-14 17:42:58'),(807,47,'http://www.armstrong.info/',51,3,'1970-10-20 22:27:22'),(808,48,'http://bartolettibatz.com/',18,0,'1987-03-28 10:50:29'),(809,49,'http://www.faheymorissette.com/',9,1,'2003-03-14 05:30:26'),(810,50,'http://www.cormier.com/',86,2,'2015-01-04 13:22:49'),(811,51,'http://ryan.biz/',99,3,'2012-03-02 23:41:51'),(812,52,'http://www.runolfsdottirmarks.com/',28,0,'2015-12-05 18:17:48'),(813,53,'http://oharaohara.com/',56,1,'1993-06-03 03:10:08'),(814,54,'http://www.mrazkerluke.com/',61,2,'1989-11-05 04:45:20'),(815,55,'http://raynor.com/',43,3,'2006-06-18 13:26:07'),(816,56,'http://schultz.com/',45,0,'1974-03-10 02:12:58'),(817,57,'http://franecki.org/',97,1,'1973-03-22 18:10:31'),(818,58,'http://smith.biz/',57,2,'1984-04-04 04:50:41'),(819,59,'http://purdymarvin.com/',63,3,'2005-06-29 17:07:43'),(820,60,'http://torp.com/',80,0,'2013-04-24 09:27:06'),(821,61,'http://www.feeneykulas.com/',47,1,'2000-09-05 11:04:11'),(822,62,'http://www.jast.com/',78,2,'1971-01-25 07:44:29'),(823,63,'http://www.mueller.com/',28,3,'1984-01-28 17:27:18'),(824,64,'http://skiles.com/',26,0,'2019-07-05 23:34:56'),(825,65,'http://www.batz.com/',79,1,'1977-05-29 12:49:51'),(826,66,'http://www.russel.net/',51,2,'2018-04-03 05:51:41'),(827,67,'http://www.raynor.org/',92,3,'1983-01-20 07:46:48'),(828,68,'http://www.bechtelar.com/',45,0,'1997-05-29 18:10:42'),(829,69,'http://stokes.com/',49,1,'1979-11-28 00:27:34'),(830,70,'http://millsframi.com/',81,2,'1976-11-28 11:11:17'),(831,71,'http://beahanchristiansen.net/',99,3,'1978-01-24 07:56:06'),(832,72,'http://schmidtfranecki.com/',4,0,'2009-03-27 14:58:06'),(833,73,'http://www.bernhard.com/',101,1,'2001-05-01 10:54:33'),(834,74,'http://www.cruickshank.info/',96,2,'1972-04-08 19:37:29'),(835,75,'http://feeneyweissnat.com/',102,3,'1981-08-05 06:55:35'),(836,76,'http://klein.com/',102,0,'1984-12-22 16:39:49'),(837,77,'http://labadie.com/',96,1,'1995-05-26 15:56:46'),(838,78,'http://www.kuhlman.net/',22,2,'1987-01-21 11:12:04'),(839,79,'http://www.uptonbosco.info/',38,3,'1976-03-31 10:40:35'),(840,80,'http://renner.com/',44,0,'2007-05-07 00:38:50'),(841,81,'http://www.considine.org/',98,1,'1983-03-22 19:28:27'),(842,82,'http://www.damoresmith.com/',49,2,'2008-07-25 13:30:07'),(843,83,'http://hyattkuphal.com/',52,3,'2007-09-14 13:34:18'),(844,84,'http://torp.info/',88,0,'2004-11-20 11:08:32'),(845,85,'http://www.kreigerroberts.com/',88,1,'1997-10-02 10:56:55'),(846,86,'http://www.bruen.biz/',75,2,'2003-09-24 21:30:08'),(847,87,'http://millercassin.com/',63,3,'2015-05-19 01:40:57'),(848,88,'http://www.rohan.net/',71,0,'2020-09-19 10:42:43'),(849,89,'http://www.hintz.info/',38,1,'1998-07-20 20:43:48'),(850,90,'http://purdyortiz.biz/',107,2,'2000-01-18 21:30:21'),(851,91,'http://wiegand.biz/',22,3,'2006-09-14 21:41:49'),(852,92,'http://www.mraz.com/',38,0,'2013-08-20 08:53:44'),(853,93,'http://beier.biz/',92,1,'2017-10-20 15:56:51'),(854,94,'http://schimmel.com/',26,2,'1976-06-23 23:57:48'),(855,95,'http://langworth.biz/',82,3,'2017-09-02 08:16:55'),(856,96,'http://www.shields.com/',101,0,'2000-05-24 23:39:47'),(857,97,'http://ritchie.com/',61,1,'2001-08-18 21:38:11'),(858,98,'http://ullrich.info/',36,2,'1974-12-25 18:33:17'),(859,99,'http://cormierlangworth.org/',18,3,'2012-02-14 00:03:50'),(860,100,'http://www.feil.com/',11,0,'2017-01-30 11:29:09'),(861,101,'http://www.kertzmann.com/',18,1,'1993-06-21 13:28:51'),(862,102,'http://mckenzieabshire.org/',25,2,'2009-05-28 20:16:22'),(863,103,'http://sporerbaumbach.info/',7,3,'1993-06-08 06:57:15'),(864,104,'http://www.rempelnitzsche.com/',30,0,'1979-05-11 14:09:09'),(865,105,'http://nienownitzsche.net/',80,1,'2010-08-14 00:56:03'),(866,106,'http://marksmclaughlin.com/',62,2,'2019-04-20 01:45:26'),(867,107,'http://www.kunzesanford.net/',102,3,'1978-04-30 10:00:54'),(868,108,'http://hirthe.info/',61,0,'1987-10-24 04:23:44'),(869,109,'http://www.dickens.info/',110,1,'1976-11-09 20:19:35'),(870,110,'http://stehr.com/',19,2,'2010-11-23 12:48:44'),(871,111,'http://www.glovergulgowski.org/',7,3,'1983-04-12 16:20:42'),(872,112,'http://marquardt.com/',91,0,'1973-10-23 05:34:07'),(873,113,'http://www.kris.com/',74,1,'1990-06-28 04:55:10'),(874,114,'http://www.gleichner.com/',86,2,'1997-12-31 17:19:11'),(875,115,'http://www.kozey.org/',70,3,'1983-03-12 16:20:18'),(876,116,'http://thieldaniel.info/',75,0,'2014-03-29 16:30:55'),(877,117,'http://davis.com/',69,1,'1970-10-14 19:05:40'),(878,118,'http://legroswitting.com/',45,2,'1997-11-15 04:05:18'),(879,119,'http://lesch.com/',20,3,'2013-08-02 00:24:01'),(880,120,'http://aufderhar.com/',46,0,'1981-06-30 23:28:47'),(881,121,'http://www.christiansen.com/',9,1,'1994-11-04 00:57:40'),(882,122,'http://www.vonledner.com/',80,2,'1991-11-26 03:40:41'),(883,123,'http://hegmannhomenick.biz/',5,3,'1988-02-14 08:29:52'),(884,124,'http://rippinoconner.com/',102,0,'1997-10-18 23:04:38'),(885,125,'http://ankundingtoy.biz/',30,1,'1972-03-23 08:13:20'),(886,126,'http://www.botsford.biz/',19,2,'1984-07-03 18:39:06'),(887,127,'http://www.gleason.org/',67,3,'2017-07-07 23:32:30'),(888,128,'http://www.koepp.com/',3,0,'1993-12-03 07:07:21'),(889,129,'http://www.kosscronin.net/',100,1,'1977-05-26 15:32:54'),(890,130,'http://howeprohaska.biz/',90,2,'1992-09-08 10:52:51'),(891,131,'http://www.kautzer.com/',51,3,'2003-09-16 06:24:37'),(892,132,'http://www.goyette.net/',51,0,'2018-01-14 21:57:53'),(893,133,'http://schuster.com/',4,1,'1989-07-17 22:04:30'),(894,134,'http://www.bartellmckenzie.com/',110,2,'2015-02-10 12:59:47'),(895,135,'http://www.braun.org/',3,3,'1970-05-27 09:49:42'),(896,136,'http://heidenreich.com/',43,0,'1991-02-03 09:09:10'),(897,137,'http://greenfeldermorar.org/',101,1,'1976-06-17 20:38:52'),(898,138,'http://langosh.biz/',63,2,'1996-03-26 08:10:41'),(899,139,'http://kozeyconroy.info/',89,3,'1978-01-11 05:23:39'),(900,140,'http://ondricka.com/',25,0,'1995-11-30 09:32:17'),(901,141,'http://weberdonnelly.com/',62,1,'2019-05-07 21:13:00'),(902,142,'http://www.hammes.info/',47,2,'1989-04-28 17:06:31'),(903,143,'http://bartoletti.org/',76,3,'1985-07-06 11:49:26'),(904,144,'http://graham.com/',101,0,'1972-12-19 16:43:02'),(905,145,'http://www.koss.com/',53,1,'2021-01-12 22:52:27'),(906,146,'http://ernserherman.com/',50,2,'2015-04-25 03:15:20'),(907,147,'http://www.bednar.biz/',76,3,'2001-04-27 06:12:34'),(908,148,'http://www.lindlockman.com/',108,0,'1990-02-24 00:09:22'),(909,149,'http://konopelskikertzmann.com/',62,1,'1974-06-30 06:15:42'),(910,150,'http://pfeffer.net/',34,2,'1991-03-11 06:05:34'),(911,151,'http://www.hermiston.com/',62,3,'1991-04-12 17:43:53'),(912,152,'http://dubuque.com/',50,0,'2003-12-01 12:08:37'),(913,153,'http://green.biz/',21,1,'2003-07-12 01:55:31'),(914,154,'http://www.stamm.biz/',8,2,'1997-05-13 00:18:28'),(915,155,'http://www.schroeder.com/',39,3,'1974-09-12 23:00:09'),(916,156,'http://kling.net/',101,0,'1975-07-15 06:09:52'),(917,157,'http://www.willms.org/',99,1,'2010-05-10 02:57:01'),(918,158,'http://www.herman.com/',72,2,'1973-02-23 10:09:14'),(919,159,'http://www.erdman.com/',35,3,'2010-10-23 21:26:09'),(920,160,'http://www.runte.com/',57,0,'1988-10-10 18:00:17'),(921,161,'http://simonisbogan.org/',34,1,'2000-04-03 08:41:42'),(922,162,'http://daugherty.org/',17,2,'2011-09-25 19:44:22'),(923,163,'http://kuhlman.com/',11,3,'1980-06-05 21:16:50'),(924,164,'http://www.okuneva.biz/',4,0,'2011-01-30 03:22:59'),(925,165,'http://www.okeeferuecker.com/',108,1,'1986-10-20 20:26:11'),(926,166,'http://rennerrolfson.biz/',25,2,'1972-03-28 13:58:03'),(927,167,'http://williamson.biz/',98,3,'1976-05-01 08:41:31'),(928,168,'http://www.hoegercasper.net/',82,0,'2006-03-17 20:05:37'),(929,169,'http://boehm.com/',3,1,'1977-10-26 07:23:22'),(930,170,'http://west.org/',57,2,'1998-07-30 04:08:27'),(931,171,'http://www.blick.info/',57,3,'2000-02-19 17:21:48'),(932,172,'http://ondricka.biz/',107,0,'2001-12-04 04:11:56'),(933,173,'http://www.jacobi.com/',107,1,'2015-04-08 12:25:44'),(934,174,'http://www.pollichweber.org/',103,2,'2013-11-28 13:24:14'),(935,175,'http://www.breitenbergwalker.com/',17,3,'2021-01-03 17:38:05'),(936,176,'http://yost.com/',93,0,'1995-08-19 06:19:21'),(937,177,'http://herman.biz/',96,1,'1978-02-09 06:16:41'),(938,178,'http://www.mayer.com/',60,2,'2001-01-30 06:33:04'),(939,179,'http://www.prosacco.com/',94,3,'1994-05-01 18:44:09'),(940,180,'http://www.hettingerherzog.com/',9,0,'2013-03-02 15:25:47'),(941,181,'http://fahey.net/',73,1,'1988-01-10 19:17:38'),(942,182,'http://www.dietrich.org/',56,2,'2005-11-09 09:16:13'),(943,183,'http://lindgren.com/',55,3,'1994-02-22 09:02:10'),(944,184,'http://www.ziemannhudson.info/',67,0,'1977-07-17 10:35:50'),(945,185,'http://www.waelchicole.info/',84,1,'2011-11-01 06:17:00'),(946,186,'http://christiansen.com/',28,2,'1982-07-02 10:28:23'),(947,187,'http://breitenbergrohan.com/',9,3,'1975-01-21 22:11:15'),(948,188,'http://heidenreich.com/',48,0,'1977-08-05 12:07:37'),(949,189,'http://kautzer.com/',29,1,'1971-04-28 13:08:43'),(950,190,'http://www.lubowitz.com/',41,2,'1976-06-23 13:02:25'),(951,1,'http://www.parkerledner.com/',67,3,'1986-09-08 11:45:59'),(952,2,'http://ernser.com/',109,0,'1995-10-12 19:21:24'),(953,3,'http://www.murazik.com/',87,1,'1971-09-03 02:27:43'),(954,4,'http://emmerichprice.biz/',35,2,'1992-11-22 11:08:22'),(955,5,'http://www.abernathy.net/',34,3,'2014-06-11 06:07:46'),(956,6,'http://www.starkcrona.com/',102,0,'2011-04-29 21:29:50'),(957,7,'http://balistreri.net/',94,1,'2001-06-01 03:11:49'),(958,8,'http://www.robertsdach.com/',90,2,'2021-01-03 07:36:58'),(959,9,'http://www.orn.com/',104,3,'1980-06-04 19:40:02'),(960,10,'http://www.vandervortwiegand.com/',79,0,'2019-08-24 17:13:11'),(961,11,'http://daugherty.com/',77,1,'2005-11-10 11:31:28'),(962,12,'http://www.oconnell.org/',63,2,'2009-04-14 23:53:27'),(963,13,'http://mannhegmann.com/',93,3,'2016-01-19 07:05:03'),(964,14,'http://okeefecrooks.info/',93,0,'1990-05-05 03:49:35'),(965,15,'http://kshlerin.com/',11,1,'2000-08-03 08:06:54'),(966,16,'http://www.schinner.com/',101,2,'1983-01-31 03:54:25'),(967,17,'http://kuvalis.biz/',91,3,'1985-04-14 13:52:15'),(968,18,'http://westbernier.org/',97,0,'1997-09-07 01:19:19'),(969,19,'http://www.kulaslemke.com/',94,1,'1999-10-01 18:57:05'),(970,20,'http://www.lueilwitzbarton.com/',70,2,'2005-08-04 23:04:13'),(971,21,'http://bradtke.org/',80,3,'2007-08-15 16:48:33'),(972,22,'http://cummings.com/',78,0,'1970-01-23 05:56:57'),(973,23,'http://www.wyman.org/',15,1,'2008-01-24 16:41:50'),(974,24,'http://torpratke.com/',17,2,'2009-05-01 16:21:03'),(975,25,'http://www.pfefferdare.com/',87,3,'1987-12-10 14:58:00'),(976,26,'http://kuvalisbode.biz/',47,0,'2009-02-10 11:27:54'),(977,27,'http://www.wolf.com/',108,1,'1993-09-12 06:09:08'),(978,28,'http://gaylord.biz/',6,2,'1974-11-06 00:47:34'),(979,29,'http://www.abbott.com/',79,3,'2017-04-21 09:40:07'),(980,30,'http://www.olsonbaumbach.com/',99,0,'2005-11-24 03:23:29'),(981,31,'http://gorczany.com/',81,1,'2018-10-23 18:48:23'),(982,32,'http://www.volkman.org/',70,2,'2006-04-15 10:02:11'),(983,33,'http://kohlerbergstrom.com/',44,3,'1991-12-14 08:19:59'),(984,34,'http://www.creminchristiansen.com/',33,0,'1992-09-23 13:37:50'),(985,35,'http://www.hamill.com/',28,1,'1970-02-04 08:04:43'),(986,36,'http://wilkinson.com/',64,2,'2009-08-07 07:50:38'),(987,37,'http://www.reichert.biz/',109,3,'1977-12-10 19:21:21'),(988,38,'http://www.quigley.com/',25,0,'2016-05-29 10:12:36'),(989,39,'http://www.hodkiewiczbartell.net/',17,1,'1992-02-13 01:37:57'),(990,40,'http://kautzerschmidt.com/',56,2,'1979-07-25 09:56:42'),(991,41,'http://pfeffer.com/',22,3,'1974-08-30 10:28:03'),(992,42,'http://blick.info/',29,0,'2018-11-20 07:43:13'),(993,43,'http://veum.info/',3,1,'1980-06-24 03:03:10'),(994,44,'http://www.block.com/',53,2,'1988-09-07 02:37:00'),(995,45,'http://www.spinkaokeefe.info/',5,3,'1974-07-23 07:29:28'),(996,46,'http://www.boyer.com/',11,0,'2013-10-09 20:14:35'),(997,47,'http://hoegerprohaska.info/',71,1,'2005-08-08 04:40:57'),(998,48,'http://bashirianprohaska.com/',61,2,'2011-06-29 17:58:52'),(999,49,'http://lang.biz/',101,3,'1973-05-11 19:03:39'),(1000,50,'http://konopelski.com/',105,0,'2003-04-29 03:39:54'),(1001,51,'http://kovacek.com/',83,1,'2000-08-18 13:59:39'),(1002,52,'http://nikolaus.com/',106,2,'2019-12-03 20:02:24'),(1003,53,'http://www.keeling.biz/',68,3,'1983-11-29 18:16:38'),(1004,54,'http://gibsonkoelpin.com/',31,0,'1983-02-14 02:23:12'),(1005,55,'http://davis.info/',29,1,'1999-07-09 04:25:29'),(1006,56,'http://ziemann.com/',109,2,'1971-08-24 11:32:24'),(1007,57,'http://www.schroeder.com/',82,3,'2001-04-01 20:59:20'),(1008,58,'http://williamsonmante.net/',72,0,'1984-10-26 16:34:57'),(1009,59,'http://wisozk.org/',100,1,'2013-10-01 20:06:30'),(1010,60,'http://beatty.com/',98,2,'2020-11-09 13:19:57'),(1011,61,'http://www.bednarparker.info/',100,3,'2012-04-24 16:58:15'),(1012,62,'http://barton.com/',100,0,'2004-01-05 03:13:44'),(1013,63,'http://www.harveyheaney.com/',67,1,'1974-12-25 21:45:17'),(1014,64,'http://smitham.com/',88,2,'1998-08-15 10:56:39'),(1015,65,'http://www.sawaynleannon.org/',22,3,'1998-01-30 11:25:02'),(1016,66,'http://www.smitham.com/',72,0,'1971-03-19 06:38:37'),(1017,67,'http://bergstrom.info/',101,1,'2011-07-02 03:35:02'),(1018,68,'http://hansenbotsford.com/',63,2,'2005-05-25 13:12:50'),(1019,69,'http://www.hauck.com/',47,3,'2018-02-08 05:22:18'),(1020,70,'http://haag.org/',9,0,'1984-08-26 05:05:52'),(1021,71,'http://gleichner.com/',67,1,'2002-01-15 16:29:49'),(1022,72,'http://www.brekkemosciski.com/',85,2,'1998-05-12 06:05:55'),(1023,73,'http://lowerowe.com/',35,3,'2012-02-09 12:22:10'),(1024,74,'http://cassin.info/',15,0,'2017-01-26 06:31:50'),(1025,75,'http://dach.biz/',52,1,'1980-09-29 09:26:45'),(1026,76,'http://predovichagenes.org/',15,2,'1971-02-11 09:09:53'),(1027,77,'http://watsicahilll.org/',54,3,'1986-03-20 16:02:35'),(1028,78,'http://denesik.biz/',57,0,'2000-10-18 19:27:43'),(1029,79,'http://spinka.biz/',93,1,'1998-06-28 03:59:34'),(1030,80,'http://tillmanhudson.com/',89,2,'1991-11-07 01:44:18'),(1031,81,'http://erdmanquitzon.com/',92,3,'2019-02-28 13:42:48'),(1032,82,'http://www.kunze.net/',46,0,'1981-01-20 10:46:31'),(1033,83,'http://konopelski.net/',58,1,'1987-05-29 11:24:09'),(1034,84,'http://www.rohan.net/',42,2,'1999-12-11 08:28:49'),(1035,85,'http://www.kessler.info/',23,3,'1985-03-02 04:43:54'),(1036,86,'http://kshlerinpadberg.com/',69,0,'2007-06-16 03:36:53'),(1037,87,'http://www.hessel.com/',92,1,'1988-10-09 13:29:52'),(1038,88,'http://quitzon.com/',25,2,'1982-05-25 17:59:10'),(1039,89,'http://www.mueller.info/',48,3,'1979-12-12 07:36:54'),(1040,90,'http://schulistbode.org/',37,0,'2018-05-05 20:31:28'),(1041,91,'http://www.monahan.info/',37,1,'1974-11-20 17:32:34'),(1042,92,'http://goldnerlangosh.com/',50,2,'1971-03-10 05:54:53'),(1043,93,'http://goyettekshlerin.org/',105,3,'1976-12-18 03:45:32'),(1044,94,'http://morissette.com/',93,0,'1984-12-20 15:25:06'),(1045,95,'http://kuhic.com/',107,1,'1972-10-02 19:00:07'),(1046,96,'http://renner.biz/',75,2,'2016-11-29 08:50:02'),(1047,97,'http://robertsschimmel.org/',108,3,'1970-08-22 01:25:46'),(1048,98,'http://jenkins.info/',92,0,'1970-04-24 18:20:58'),(1049,99,'http://reichelschaefer.com/',84,1,'1986-09-06 20:53:12'),(1050,100,'http://leffler.com/',44,2,'1980-11-26 06:23:20'),(1051,101,'http://spencer.com/',107,3,'2007-11-13 04:15:03'),(1052,102,'http://www.jacobsonwalker.org/',3,0,'1987-12-03 00:01:27'),(1053,103,'http://jacobson.com/',31,1,'2012-08-12 03:41:42'),(1054,104,'http://www.zemlak.com/',80,2,'2018-11-10 21:08:39'),(1055,105,'http://www.lednerwill.info/',95,3,'2015-07-03 06:19:09'),(1056,106,'http://gerholdrunolfsson.info/',93,0,'1988-10-18 21:49:29'),(1057,107,'http://torp.biz/',37,1,'2008-08-25 23:26:38'),(1058,108,'http://www.zboncak.com/',67,2,'1978-07-12 20:58:01'),(1059,109,'http://gorczanyhessel.org/',16,3,'1993-07-11 05:10:30'),(1060,110,'http://www.kuphal.net/',99,0,'1982-04-16 20:29:16'),(1061,111,'http://durgan.com/',107,1,'1991-07-19 17:18:04'),(1062,112,'http://blanda.com/',14,2,'2014-01-15 08:46:50'),(1063,113,'http://armstrongwaters.info/',34,3,'1976-09-12 05:57:38'),(1064,114,'http://www.goyette.com/',69,0,'1972-02-08 12:10:10'),(1065,115,'http://hayeschristiansen.com/',99,1,'2011-04-24 13:25:13'),(1066,116,'http://www.jastpagac.net/',73,2,'2005-10-20 00:22:55'),(1067,117,'http://sengerondricka.com/',39,3,'1983-09-22 13:24:59'),(1068,118,'http://funk.org/',85,0,'1975-03-26 01:22:33'),(1069,119,'http://schultz.biz/',83,1,'2006-10-14 04:06:43'),(1070,120,'http://www.yundtsenger.com/',23,2,'1999-02-09 18:15:25'),(1071,121,'http://hayes.net/',34,3,'1985-12-17 17:57:06'),(1072,122,'http://www.champlin.org/',108,0,'1987-11-13 12:21:33'),(1073,123,'http://daniel.net/',40,1,'1999-04-21 04:29:26'),(1074,124,'http://stiedemann.info/',75,2,'1979-10-21 17:27:28'),(1075,125,'http://www.gislasonframi.org/',80,3,'1978-03-29 22:04:36'),(1076,126,'http://brakus.biz/',14,0,'1999-01-22 18:02:41'),(1077,127,'http://www.rosenbaumveum.com/',9,1,'1979-12-11 13:44:14'),(1078,128,'http://mullerwillms.com/',68,2,'2006-08-13 08:33:34'),(1079,129,'http://eichmann.info/',92,3,'1974-11-02 08:24:16'),(1080,130,'http://goldnermuller.net/',35,0,'2008-09-07 06:56:07'),(1081,131,'http://vandervort.com/',30,1,'1975-03-16 23:04:17'),(1082,132,'http://schummtorp.com/',19,2,'2019-07-30 13:57:16'),(1083,133,'http://erdman.org/',98,3,'2016-03-18 23:49:32'),(1084,134,'http://www.schumm.net/',18,0,'2011-01-23 03:20:27'),(1085,135,'http://www.leffler.com/',104,1,'2007-03-14 04:41:21'),(1086,136,'http://www.keebler.org/',29,2,'1977-06-01 21:35:14'),(1087,137,'http://www.harveyrau.info/',12,3,'2012-07-06 01:06:16'),(1088,138,'http://www.tremblaycasper.org/',97,0,'1997-10-09 20:38:22'),(1089,139,'http://becker.org/',88,1,'2019-07-25 05:35:34'),(1090,140,'http://www.franecki.info/',77,2,'1981-11-18 04:51:35'),(1091,141,'http://www.lebsack.com/',85,3,'1986-02-15 23:44:04'),(1092,142,'http://www.upton.com/',26,0,'2011-01-25 22:51:05'),(1093,143,'http://douglas.com/',68,1,'2002-06-17 17:04:55'),(1094,144,'http://www.gleichner.com/',12,2,'2002-01-26 19:15:44'),(1095,145,'http://www.reilly.com/',107,3,'1982-05-13 01:12:44'),(1096,146,'http://www.johnstongreen.com/',69,0,'1987-02-20 03:58:32'),(1097,147,'http://oconnell.com/',60,1,'1990-09-04 11:09:33'),(1098,148,'http://www.stracke.com/',58,2,'2004-01-11 16:56:17'),(1099,149,'http://mckenzie.biz/',110,3,'2018-05-09 12:51:50'),(1100,150,'http://www.rempel.com/',67,0,'2004-03-05 01:30:27'),(1101,151,'http://www.lehnermacejkovic.info/',74,1,'1976-11-14 19:08:12'),(1102,152,'http://watsica.com/',4,2,'1975-06-08 04:22:59'),(1103,153,'http://www.glover.com/',14,3,'2016-09-12 19:53:47'),(1104,154,'http://hahn.com/',65,0,'1987-07-04 22:58:45'),(1105,155,'http://www.hansenratke.org/',14,1,'2018-09-26 07:48:04'),(1106,156,'http://www.borer.com/',105,2,'1973-06-09 18:06:23'),(1107,157,'http://www.collier.net/',79,3,'2011-08-24 22:06:23'),(1108,158,'http://www.croninbruen.com/',41,0,'1971-06-15 11:00:12'),(1109,159,'http://mayer.net/',71,1,'1981-12-04 16:15:40'),(1110,160,'http://lebsackstracke.com/',92,2,'1984-03-03 00:33:35'),(1111,161,'http://www.johnson.com/',33,3,'2016-04-15 20:10:26');
/*!40000 ALTER TABLE `hit` ENABLE KEYS */;
UNLOCK TABLES;
/*!50003 SET @saved_cs_client      = @@character_set_client */ ;
/*!50003 SET @saved_cs_results     = @@character_set_results */ ;
/*!50003 SET @saved_col_connection = @@collation_connection */ ;
/*!50003 SET character_set_client  = utf8mb4 */ ;
/*!50003 SET character_set_results = utf8mb4 */ ;
/*!50003 SET collation_connection  = utf8mb4_0900_ai_ci */ ;
/*!50003 SET @saved_sql_mode       = @@sql_mode */ ;
/*!50003 SET sql_mode              = 'ONLY_FULL_GROUP_BY,STRICT_TRANS_TABLES,NO_ZERO_IN_DATE,NO_ZERO_DATE,ERROR_FOR_DIVISION_BY_ZERO,NO_ENGINE_SUBSTITUTION' */ ;
DELIMITER ;;
/*!50003 CREATE*/ /*!50017 DEFINER=`root`@`localhost`*/ /*!50003 TRIGGER `validate_hit_visit` BEFORE INSERT ON `hit` FOR EACH ROW BEGIN
  IF NEW.visit_id IS NULL THEN
    SIGNAL SQLSTATE '45000'
    SET MESSAGE_TEXT = 'У записи отстутсвует идентификатор визита';
  END IF;
END */;;
DELIMITER ;
/*!50003 SET sql_mode              = @saved_sql_mode */ ;
/*!50003 SET character_set_client  = @saved_cs_client */ ;
/*!50003 SET character_set_results = @saved_cs_results */ ;
/*!50003 SET collation_connection  = @saved_col_connection */ ;

--
-- Table structure for table `order_content`
--

DROP TABLE IF EXISTS `order_content`;
/*!40101 SET @saved_cs_client     = @@character_set_client */;
/*!50503 SET character_set_client = utf8mb4 */;
CREATE TABLE `order_content` (
  `id` int unsigned NOT NULL AUTO_INCREMENT COMMENT 'Идентификатор строки',
  `order_id` int unsigned NOT NULL COMMENT 'id визита в рамках которого была совершена транзакция',
  `name` varchar(130) DEFAULT NULL COMMENT 'Название товарной позиции',
  `total` int NOT NULL COMMENT 'Количество товара',
  `revenue` int NOT NULL COMMENT 'стоимость товаров',
  `created_at` datetime DEFAULT CURRENT_TIMESTAMP COMMENT 'Время создания строки',
  PRIMARY KEY (`id`),
  KEY `order_content_order_id_fk` (`order_id`),
  CONSTRAINT `order_content_order_id_fk` FOREIGN KEY (`order_id`) REFERENCES `orders` (`id`) ON DELETE CASCADE
) ENGINE=InnoDB AUTO_INCREMENT=72 DEFAULT CHARSET=utf8 COMMENT='Данные по товарам в заказах';
/*!40101 SET character_set_client = @saved_cs_client */;

--
-- Dumping data for table `order_content`
--

LOCK TABLES `order_content` WRITE;
/*!40000 ALTER TABLE `order_content` DISABLE KEYS */;
INSERT INTO `order_content` VALUES (1,1,'tovar 2',3,23615,'2007-09-22 02:01:51'),(2,2,'tovar 4',2,7859,'1999-12-17 01:23:58'),(3,3,'tovar 1',1,13419,'1993-04-23 21:17:02'),(4,4,'tovar 1',3,8085,'2015-01-29 23:37:18'),(5,5,'tovar 6',3,6750,'1970-04-11 19:37:54'),(6,6,'tovar 6',3,5253,'2006-08-21 07:47:07'),(7,7,'tovar 2',2,252,'1987-01-31 08:07:15'),(8,8,'tovar 6',1,12301,'2008-07-27 11:17:35'),(9,9,'tovar 4',2,10146,'1989-10-20 07:37:38'),(10,10,'tovar 4',2,9036,'2007-03-21 15:52:57'),(11,11,'tovar 2',3,4924,'1997-09-10 03:31:43'),(12,12,'tovar 6',2,3557,'1974-01-26 18:51:42'),(13,13,'tovar 1',1,8376,'1986-02-02 23:40:39'),(14,14,'tovar 1',3,21182,'2005-04-01 08:05:43'),(15,15,'tovar 2',1,23349,'2019-01-22 11:32:48'),(16,16,'tovar 1',2,1181,'1979-12-31 17:12:26'),(17,17,'tovar 2',2,20228,'2015-10-10 06:59:21'),(18,18,'tovar 3',1,20980,'1971-06-02 19:55:43'),(19,19,'tovar 3',1,19776,'1975-02-09 07:53:34'),(20,20,'tovar 6',1,8460,'2014-09-25 08:56:51'),(21,21,'tovar 2',3,426,'2020-11-11 09:32:22'),(22,22,'tovar 2',1,4454,'1986-10-30 10:27:31'),(23,23,'tovar 3',3,13976,'1992-05-06 22:28:48'),(24,24,'tovar 2',1,4747,'1985-05-24 01:56:26'),(25,25,'tovar 5',1,5603,'2018-12-05 20:09:11'),(26,26,'tovar 6',2,3451,'2003-08-28 21:25:09'),(27,27,'tovar 3',1,10255,'2007-11-22 18:43:39'),(28,28,'tovar 5',1,8505,'2019-09-30 08:31:56'),(29,29,'tovar 3',3,20458,'1987-02-08 12:19:11'),(30,30,'tovar 3',2,24220,'2007-10-09 16:37:07'),(31,31,'tovar 2',2,20387,'1989-08-25 00:45:14'),(32,1,'tovar 3',2,16394,'2007-05-03 10:25:17'),(33,2,'tovar 6',3,21324,'1988-02-06 06:09:56'),(34,3,'tovar 5',2,4236,'2007-08-20 03:42:33'),(35,4,'tovar 6',1,19754,'1976-07-09 02:53:49'),(36,5,'tovar 2',2,19997,'1975-08-11 23:54:14'),(37,6,'tovar 6',1,1934,'1988-11-06 01:23:20'),(38,7,'tovar 4',3,1106,'2015-09-08 19:40:31'),(39,8,'tovar 1',2,16238,'2002-06-13 21:26:46'),(40,9,'tovar 6',1,17414,'1989-10-27 17:52:50'),(41,10,'tovar 5',1,15434,'2013-09-26 06:08:02'),(42,11,'tovar 6',1,12962,'1981-03-27 23:36:18'),(43,12,'tovar 5',3,21399,'1986-11-24 02:41:20'),(44,13,'tovar 3',3,19574,'1994-01-08 19:43:25'),(45,14,'tovar 6',3,17909,'2018-05-09 11:11:33'),(46,15,'tovar 3',2,13013,'2006-03-30 21:10:52'),(47,16,'tovar 3',3,2225,'2003-06-02 09:08:46'),(48,17,'tovar 6',2,24178,'1982-11-05 02:31:28'),(49,18,'tovar 6',2,7055,'2007-09-17 08:09:12'),(50,19,'tovar 4',1,9660,'2018-03-19 07:07:16'),(51,20,'tovar 5',2,5057,'1991-09-21 14:58:33'),(52,21,'tovar 4',1,23947,'2016-04-29 10:44:48'),(53,22,'tovar 5',3,20353,'1980-12-30 14:17:41'),(54,23,'tovar 4',2,23381,'2019-04-22 05:00:14'),(55,24,'tovar 5',3,2141,'1986-07-27 14:10:37'),(56,25,'tovar 4',1,12518,'2003-01-02 03:20:24'),(57,26,'tovar 5',1,17801,'2006-03-30 09:44:45'),(58,27,'tovar 4',3,16145,'1987-02-02 14:19:57'),(59,28,'tovar 4',2,2420,'2020-07-04 12:11:53'),(60,29,'tovar 2',3,22912,'1973-11-23 19:46:37'),(61,30,'tovar 4',2,21356,'1991-04-02 09:23:33'),(62,31,'tovar 5',1,7516,'1991-05-19 10:52:07'),(63,1,'tovar 1',2,9973,'1995-06-04 05:45:25'),(64,2,'tovar 5',3,19090,'2011-10-19 03:10:08'),(65,3,'tovar 3',2,10068,'1985-02-21 07:19:43'),(66,4,'tovar 5',3,6141,'2001-12-02 09:53:12'),(67,5,'tovar 1',1,1247,'2003-07-23 11:06:15'),(68,6,'tovar 3',2,22398,'1995-04-04 13:26:48'),(69,7,'tovar 6',3,14016,'1978-05-21 21:50:50'),(70,8,'tovar 4',2,22201,'1988-03-14 09:52:25'),(71,9,'tovar 2',1,13104,'2018-03-25 23:13:22');
/*!40000 ALTER TABLE `order_content` ENABLE KEYS */;
UNLOCK TABLES;

--
-- Table structure for table `orders`
--

DROP TABLE IF EXISTS `orders`;
/*!40101 SET @saved_cs_client     = @@character_set_client */;
/*!50503 SET character_set_client = utf8mb4 */;
CREATE TABLE `orders` (
  `id` int unsigned NOT NULL AUTO_INCREMENT COMMENT 'идентификатор заказа',
  `visit_id` int unsigned DEFAULT NULL,
  `created_at` datetime DEFAULT CURRENT_TIMESTAMP,
  PRIMARY KEY (`id`),
  KEY `orders_visit_id_fk` (`visit_id`),
  CONSTRAINT `orders_visit_id_fk` FOREIGN KEY (`visit_id`) REFERENCES `visit` (`id`) ON DELETE SET NULL
) ENGINE=InnoDB AUTO_INCREMENT=32 DEFAULT CHARSET=utf8 COMMENT='Таблица со списком транзакций';
/*!40101 SET character_set_client = @saved_cs_client */;

--
-- Dumping data for table `orders`
--

LOCK TABLES `orders` WRITE;
/*!40000 ALTER TABLE `orders` DISABLE KEYS */;
INSERT INTO `orders` VALUES (1,31,'2009-10-06 13:44:37'),(2,77,'1980-02-21 04:50:06'),(3,80,'1989-05-23 14:54:42'),(4,37,'2006-03-04 05:23:59'),(5,61,'2003-07-09 20:16:44'),(6,34,'1972-11-06 22:23:08'),(7,91,'2001-08-15 02:58:02'),(8,48,'1989-06-10 13:25:40'),(9,14,'2010-06-13 00:17:14'),(10,44,'1992-10-07 02:49:03'),(11,39,'1976-11-07 09:22:32'),(12,82,'2013-02-15 22:10:18'),(13,60,'2012-08-24 09:54:59'),(14,24,'1985-08-16 14:35:12'),(15,57,'2018-04-11 17:38:45'),(16,71,'2007-09-22 00:05:48'),(17,89,'1972-09-11 21:26:19'),(18,45,'1975-01-29 08:28:10'),(19,29,'2002-02-02 03:59:45'),(20,2,'1971-12-18 22:21:08'),(21,79,'1976-04-20 09:17:40'),(22,17,'2020-10-06 20:22:20'),(23,35,'2018-04-04 06:49:19'),(24,54,'1992-01-30 02:14:26'),(25,53,'1995-08-15 20:20:14'),(26,58,'2009-07-07 20:17:37'),(27,87,'1976-09-29 02:17:08'),(28,47,'1979-04-30 16:31:20'),(29,67,'2019-12-13 10:42:48'),(30,28,'2018-05-12 07:45:49'),(31,9,'1971-01-28 01:12:35');
/*!40000 ALTER TABLE `orders` ENABLE KEYS */;
UNLOCK TABLES;
/*!50003 SET @saved_cs_client      = @@character_set_client */ ;
/*!50003 SET @saved_cs_results     = @@character_set_results */ ;
/*!50003 SET @saved_col_connection = @@collation_connection */ ;
/*!50003 SET character_set_client  = utf8mb4 */ ;
/*!50003 SET character_set_results = utf8mb4 */ ;
/*!50003 SET collation_connection  = utf8mb4_0900_ai_ci */ ;
/*!50003 SET @saved_sql_mode       = @@sql_mode */ ;
/*!50003 SET sql_mode              = 'ONLY_FULL_GROUP_BY,STRICT_TRANS_TABLES,NO_ZERO_IN_DATE,NO_ZERO_DATE,ERROR_FOR_DIVISION_BY_ZERO,NO_ENGINE_SUBSTITUTION' */ ;
DELIMITER ;;
/*!50003 CREATE*/ /*!50017 DEFINER=`root`@`localhost`*/ /*!50003 TRIGGER `validate_order_visit` BEFORE INSERT ON `orders` FOR EACH ROW BEGIN
  IF NEW.visit_id IS NULL THEN
    SIGNAL SQLSTATE '45000'
    SET MESSAGE_TEXT = 'У заказа отстутсвует идентификатор визита';
  END IF;
END */;;
DELIMITER ;
/*!50003 SET sql_mode              = @saved_sql_mode */ ;
/*!50003 SET character_set_client  = @saved_cs_client */ ;
/*!50003 SET character_set_results = @saved_cs_results */ ;
/*!50003 SET collation_connection  = @saved_col_connection */ ;

--
-- Table structure for table `users`
--

DROP TABLE IF EXISTS `users`;
/*!40101 SET @saved_cs_client     = @@character_set_client */;
/*!50503 SET character_set_client = utf8mb4 */;
CREATE TABLE `users` (
  `id` int unsigned NOT NULL AUTO_INCREMENT COMMENT 'client id',
  `gender_id` int unsigned DEFAULT NULL,
  `created_at` datetime DEFAULT CURRENT_TIMESTAMP,
  PRIMARY KEY (`id`),
  KEY `users_gender_type_id_fk` (`gender_id`),
  CONSTRAINT `users_gender_type_id_fk` FOREIGN KEY (`gender_id`) REFERENCES `gender_type` (`id`) ON DELETE SET NULL
) ENGINE=InnoDB AUTO_INCREMENT=65 DEFAULT CHARSET=utf8 COMMENT='Таблица сlient id';
/*!40101 SET character_set_client = @saved_cs_client */;

--
-- Dumping data for table `users`
--

LOCK TABLES `users` WRITE;
/*!40000 ALTER TABLE `users` DISABLE KEYS */;
INSERT INTO `users` VALUES (1,1,'2020-09-14 18:24:13'),(2,2,'2020-12-29 23:21:50'),(3,3,'2020-11-25 01:56:35'),(4,1,'2020-12-30 12:04:49'),(5,2,'2020-12-27 07:08:43'),(6,3,'2020-08-21 06:46:50'),(7,1,'2020-05-08 03:36:47'),(8,2,'2020-09-15 08:42:58'),(9,3,'2020-11-05 01:28:53'),(10,1,'2020-03-02 14:46:06'),(11,2,'2021-01-08 17:46:50'),(12,3,'2020-09-19 19:10:17'),(13,1,'2020-06-26 08:56:46'),(14,2,'2020-10-28 12:19:50'),(15,3,'2021-01-20 19:00:47'),(16,1,'2020-09-05 21:46:14'),(17,2,'2020-08-04 16:03:57'),(18,3,'2021-01-18 11:47:53'),(19,1,'2020-11-06 05:43:31'),(20,2,'2020-12-11 04:23:52'),(21,3,'2020-08-02 06:36:52'),(22,1,'2020-05-06 05:49:30'),(23,2,'2020-07-13 14:49:55'),(24,3,'2020-07-24 00:50:35'),(25,1,'2020-08-05 11:57:49'),(26,2,'2020-12-03 04:05:20'),(27,3,'2020-08-12 20:39:13'),(28,1,'2020-08-27 08:58:33'),(29,2,'2020-10-19 05:17:08'),(30,3,'2020-04-21 06:24:18'),(31,1,'2020-03-16 10:33:30'),(32,2,'2020-03-03 04:04:58'),(33,3,'2021-01-27 17:21:42'),(34,1,'2020-05-07 04:12:11'),(35,2,'2020-03-11 16:47:19'),(36,3,'2020-07-06 04:45:22'),(37,1,'2020-10-04 13:37:31'),(38,2,'2020-05-16 17:17:22'),(39,3,'2020-02-28 06:52:59'),(40,1,'2020-11-02 11:24:49'),(41,2,'2020-09-06 18:32:25'),(42,3,'2020-06-11 10:31:30'),(43,1,'2020-04-03 18:35:26'),(44,2,'2020-05-19 17:17:53'),(45,3,'2020-05-12 21:23:28'),(46,1,'2020-07-19 12:19:44'),(47,2,'2020-05-19 00:06:05'),(48,3,'2020-05-27 03:30:38'),(49,1,'2020-03-20 22:28:21'),(50,2,'2020-03-20 23:03:15'),(51,3,'2020-04-26 16:29:59'),(52,1,'2020-08-24 16:34:03'),(53,2,'2020-06-06 19:58:53'),(54,3,'2020-12-15 16:53:49'),(55,1,'2020-08-13 10:39:44'),(56,2,'2020-05-09 22:24:30'),(57,3,'2020-10-11 04:25:48'),(58,1,'2020-12-04 17:00:58'),(59,2,'2020-04-13 07:17:49'),(60,3,'2020-07-14 11:16:15'),(61,1,'2020-05-20 19:44:13'),(62,2,'2020-12-28 10:23:45'),(63,3,'2020-07-03 19:11:23'),(64,1,'2020-08-27 13:31:15');
/*!40000 ALTER TABLE `users` ENABLE KEYS */;
UNLOCK TABLES;

--
-- Table structure for table `visit`
--

DROP TABLE IF EXISTS `visit`;
/*!40101 SET @saved_cs_client     = @@character_set_client */;
/*!50503 SET character_set_client = utf8mb4 */;
CREATE TABLE `visit` (
  `id` int unsigned NOT NULL AUTO_INCREMENT COMMENT 'Идентификатор визита',
  `user_id` int unsigned NOT NULL COMMENT 'client_id',
  `source` varchar(30) DEFAULT NULL,
  `chanel_type_id` int unsigned DEFAULT NULL,
  `city_id` int unsigned DEFAULT NULL,
  `device_type_id` int unsigned DEFAULT NULL,
  `created_at` datetime DEFAULT CURRENT_TIMESTAMP COMMENT 'Время создания строки',
  PRIMARY KEY (`id`),
  KEY `visit_user_id_fk` (`user_id`),
  KEY `visit_chanel_type_id_fk` (`chanel_type_id`),
  KEY `visit_city_id_fk` (`city_id`),
  KEY `visit_device_type_id_fk` (`device_type_id`),
  CONSTRAINT `visit_chanel_type_id_fk` FOREIGN KEY (`chanel_type_id`) REFERENCES `chanel_type` (`id`) ON DELETE SET NULL,
  CONSTRAINT `visit_city_id_fk` FOREIGN KEY (`city_id`) REFERENCES `city` (`id`) ON DELETE SET NULL,
  CONSTRAINT `visit_device_type_id_fk` FOREIGN KEY (`device_type_id`) REFERENCES `device_type` (`id`) ON DELETE SET NULL,
  CONSTRAINT `visit_user_id_fk` FOREIGN KEY (`user_id`) REFERENCES `users` (`id`) ON DELETE CASCADE
) ENGINE=InnoDB AUTO_INCREMENT=191 DEFAULT CHARSET=utf8 COMMENT='Таблица c визитами';
/*!40101 SET character_set_client = @saved_cs_client */;

--
-- Dumping data for table `visit`
--

LOCK TABLES `visit` WRITE;
/*!40000 ALTER TABLE `visit` DISABLE KEYS */;
INSERT INTO `visit` VALUES (1,1,'google ads',1,1,1,'2020-04-01 18:40:57'),(2,2,'yandex',2,2,2,'2020-10-10 00:46:05'),(3,3,'youtube',3,3,3,'2020-03-20 10:05:54'),(4,4,NULL,4,4,1,'2020-06-24 06:36:54'),(5,5,'minbox',5,5,2,'2020-04-01 05:45:08'),(6,6,'vk',6,6,3,'2020-09-30 03:51:03'),(7,7,'google ads',1,7,1,'2020-08-01 09:30:41'),(8,8,'yandex',2,8,2,'2020-11-08 20:39:53'),(9,9,'youtube',3,9,3,'2020-10-04 19:17:42'),(10,10,NULL,4,10,1,'2020-05-07 20:45:58'),(11,11,'minbox',5,11,2,'2020-07-03 14:41:20'),(12,12,'vk',6,12,3,'2020-09-28 22:27:35'),(13,13,'google ads',1,13,1,'2020-12-14 11:01:45'),(14,14,'yandex',2,14,2,'2020-08-06 05:31:20'),(15,15,'youtube',3,15,3,'2020-07-22 14:33:35'),(16,16,NULL,4,16,1,'2020-05-02 21:09:27'),(17,17,'minbox',5,17,2,'2020-09-09 16:46:48'),(18,18,'vk',6,18,3,'2020-08-02 16:39:37'),(19,19,'google ads',1,19,1,'2021-01-05 04:44:26'),(20,20,'yandex',2,20,2,'2020-02-21 09:05:23'),(21,21,'youtube',3,21,3,'2021-01-29 07:21:54'),(22,22,NULL,4,1,1,'2020-12-20 19:18:43'),(23,23,'minbox',5,2,2,'2020-08-21 13:50:25'),(24,24,'vk',6,3,3,'2020-02-22 14:35:01'),(25,25,'google ads',1,4,1,'2020-12-03 08:59:42'),(26,26,'yandex',2,5,2,'2020-11-29 14:50:05'),(27,27,'2gis',3,6,3,'2020-12-28 16:26:37'),(28,28,NULL,4,7,1,'2020-10-08 16:34:09'),(29,29,'minbox',5,8,2,'2020-03-12 05:42:13'),(30,30,'vk',6,9,3,'2020-06-22 09:10:02'),(31,31,'google ads',1,10,1,'2020-02-17 21:48:26'),(32,32,'yandex',2,11,2,'2020-04-07 23:12:33'),(33,33,'2gis',3,12,3,'2020-05-13 10:28:27'),(34,34,NULL,4,13,1,'2020-03-01 22:30:54'),(35,35,'minbox',5,14,2,'2020-12-15 12:27:35'),(36,36,'vk',6,15,3,'2020-11-26 09:17:59'),(37,37,'yandex direct',1,16,1,'2020-02-07 19:36:18'),(38,38,'yandex',2,17,2,'2020-10-23 04:04:34'),(39,39,'2gis',3,18,3,'2020-08-23 03:03:41'),(40,40,NULL,4,19,1,'2020-07-26 12:32:15'),(41,41,'minbox',5,20,2,'2020-10-16 19:02:12'),(42,42,'vk',6,21,3,'2021-01-29 04:17:12'),(43,43,'yandex direct',1,1,1,'2020-04-28 04:53:35'),(44,44,'yandex',2,2,2,'2020-10-26 07:07:15'),(45,45,'2gis',3,3,3,'2020-12-30 23:24:22'),(46,46,NULL,4,4,1,'2020-04-08 21:18:08'),(47,47,'minbox',5,5,2,'2020-07-14 21:04:18'),(48,48,'vk',6,6,3,'2020-04-24 10:56:55'),(49,49,'yandex direct',1,7,1,'2020-08-19 12:06:39'),(50,50,'yandex',2,8,2,'2020-09-17 11:57:44'),(51,51,'2gis',3,9,3,'2020-05-24 14:36:56'),(52,52,NULL,4,10,1,'2020-02-08 15:04:53'),(53,53,'minbox',5,11,2,'2021-01-27 08:14:46'),(54,54,'vk',6,12,3,'2020-04-28 22:20:42'),(55,55,'yandex direct',1,13,1,'2020-03-21 08:26:32'),(56,56,'yandex',2,14,2,'2020-11-22 17:43:12'),(57,57,'2gis',3,15,3,'2020-06-08 22:08:48'),(58,58,NULL,4,16,1,'2021-01-10 07:14:36'),(59,59,'minbox',5,17,2,'2020-11-17 09:34:07'),(60,60,'vk',6,18,3,'2020-07-12 01:51:49'),(61,61,'yandex direct',1,19,1,'2020-10-23 19:11:08'),(62,62,'yandex',2,20,2,'2020-03-27 17:03:31'),(63,63,'2gis',3,21,3,'2020-09-18 20:03:47'),(64,64,NULL,4,1,1,'2021-02-04 04:43:23'),(65,1,'minbox',5,2,2,'2020-12-23 22:09:14'),(66,2,'vk',6,3,3,'2020-10-24 13:28:10'),(67,3,'yandex direct',1,4,1,'2021-01-29 13:41:55'),(68,4,'yandex',2,5,2,'2020-02-17 01:08:47'),(69,5,'2gis',3,6,3,'2020-03-11 09:32:04'),(70,6,NULL,4,7,1,'2020-02-29 21:10:15'),(71,7,'minbox',5,8,2,'2020-03-15 19:59:20'),(72,8,'vk',6,9,3,'2020-09-10 18:11:25'),(73,9,'yandex direct',1,10,1,'2020-02-24 18:57:23'),(74,10,'yandex',2,11,2,'2020-07-02 15:21:23'),(75,11,'2gis',3,12,3,'2020-10-03 14:31:55'),(76,12,NULL,4,13,1,'2020-09-06 06:43:23'),(77,13,'minbox',5,14,2,'2020-09-20 03:08:52'),(78,14,'vk',6,15,3,'2020-12-13 09:36:52'),(79,15,'yandex direct',1,16,1,'2021-01-28 04:09:30'),(80,16,'yandex',2,17,2,'2020-02-14 06:21:01'),(81,17,'2gis',3,18,3,'2020-07-14 16:19:02'),(82,18,NULL,4,19,1,'2021-02-05 23:22:14'),(83,19,'minbox',5,20,2,'2020-11-12 12:13:48'),(84,20,'vk',6,21,3,'2020-09-06 01:25:28'),(85,21,'yandex direct',1,1,1,'2020-09-10 22:58:20'),(86,22,'yandex',2,2,2,'2020-09-20 18:38:53'),(87,23,'2gis',3,3,3,'2020-12-14 02:27:19'),(88,24,NULL,4,4,1,'2020-03-21 20:08:34'),(89,25,'minbox',5,5,2,'2021-01-09 10:30:07'),(90,26,'vk',6,6,3,'2020-02-10 01:56:52'),(91,27,'yandex direct',1,7,1,'2020-02-21 21:02:02'),(92,28,'yandex',2,8,2,'2021-01-05 06:36:56'),(93,29,'2gis',3,9,3,'2020-04-13 19:32:37'),(94,30,NULL,4,10,1,'2020-10-26 21:36:47'),(95,31,'minbox',5,11,2,'2020-12-20 13:47:52'),(96,32,'vk',6,12,3,'2020-05-29 01:35:13'),(97,33,'yandex direct',1,13,1,'2020-05-10 22:30:22'),(98,34,'yandex',2,14,2,'2020-07-25 22:12:25'),(99,35,'2gis',3,15,3,'2020-12-07 06:01:08'),(100,36,NULL,4,16,1,'2020-09-04 02:24:12'),(101,37,'minbox',5,17,2,'2020-03-28 22:37:50'),(102,38,'facebook',6,18,3,'2020-07-17 22:46:19'),(103,39,'yandex direct',1,19,1,'2020-09-18 03:32:41'),(104,40,'yandex',2,20,2,'2020-03-11 23:54:35'),(105,41,'2gis',3,21,3,'2020-07-30 05:39:56'),(106,42,NULL,4,1,1,'2021-01-05 07:07:41'),(107,43,'minbox',5,2,2,'2021-01-03 02:25:05'),(108,44,'facebook',6,3,3,'2021-01-23 18:58:05'),(109,45,'yandex direct',1,4,1,'2020-08-25 16:40:17'),(110,46,'yandex',2,5,2,'2020-07-08 14:10:55'),(111,47,'2gis',3,6,3,'2020-03-31 14:21:22'),(112,48,NULL,4,7,1,'2020-07-31 05:05:59'),(113,49,'minbox',5,8,2,'2020-04-15 15:14:47'),(114,50,'facebook',6,9,3,'2020-11-22 13:17:45'),(115,51,'yandex direct',1,10,1,'2020-10-18 17:28:05'),(116,52,'yandex',2,11,2,'2020-09-20 19:26:33'),(117,53,'2gis',3,12,3,'2020-05-08 02:30:16'),(118,54,NULL,4,13,1,'2020-05-29 01:43:45'),(119,55,'minbox',5,14,2,'2020-03-29 07:26:25'),(120,56,'facebook',6,15,3,'2021-01-22 22:28:08'),(121,57,'yandex direct',1,16,1,'2020-02-22 18:34:40'),(122,58,'yandex',2,17,2,'2020-07-19 12:49:50'),(123,59,'2gis',3,18,3,'2020-05-25 09:05:08'),(124,60,NULL,4,19,1,'2020-07-10 03:33:27'),(125,61,'minbox',5,20,2,'2020-09-30 01:24:23'),(126,62,'facebook',6,21,3,'2020-03-21 06:15:25'),(127,63,'yandex direct',1,1,1,'2020-03-08 02:40:50'),(128,64,'yandex',2,2,2,'2020-07-31 12:04:59'),(129,1,'avito',3,3,3,'2020-02-11 11:18:13'),(130,2,NULL,4,4,1,'2020-10-27 07:50:39'),(131,3,'minbox',5,5,2,'2020-09-11 02:57:36'),(132,4,'facebook',6,6,3,'2020-09-01 05:05:59'),(133,5,'yandex direct',1,7,1,'2020-08-02 05:26:38'),(134,6,'yandex',2,8,2,'2021-01-27 02:30:58'),(135,7,'avito',3,9,3,'2020-04-09 08:34:17'),(136,8,NULL,4,10,1,'2020-09-06 12:00:24'),(137,9,'minbox',5,11,2,'2020-07-16 12:07:03'),(138,10,'facebook',6,12,3,'2020-02-20 17:03:35'),(139,11,'vk ads',1,13,1,'2020-06-22 12:36:27'),(140,12,'yandex',2,14,2,'2020-06-17 21:06:49'),(141,13,'avito',3,15,3,'2020-08-19 19:24:56'),(142,14,NULL,4,16,1,'2020-08-21 22:21:38'),(143,15,'minbox',5,17,2,'2020-05-25 08:12:42'),(144,16,'instagram',6,18,3,'2020-10-28 00:49:42'),(145,17,'vk ads',1,19,1,'2021-01-21 06:15:25'),(146,18,'yandex',2,20,2,'2020-04-01 10:08:01'),(147,19,'avito',3,21,3,'2020-03-25 01:10:14'),(148,20,NULL,4,1,1,'2020-11-22 13:15:33'),(149,21,'minbox',5,2,2,'2020-10-12 20:49:00'),(150,22,'instagram',6,3,3,'2020-05-14 19:08:06'),(151,23,'vk ads',1,4,1,'2020-04-17 07:39:41'),(152,24,'google',2,5,2,'2020-07-15 18:36:50'),(153,25,'avito',3,6,3,'2020-05-09 23:51:24'),(154,26,NULL,4,7,1,'2020-07-08 07:16:52'),(155,27,'minbox',5,8,2,'2020-06-02 19:06:52'),(156,28,'instagram',6,9,3,'2020-08-10 01:13:39'),(157,29,'vk ads',1,10,1,'2021-01-02 22:36:59'),(158,30,'google',2,11,2,'2021-01-22 16:50:25'),(159,31,'avito',3,12,3,'2020-03-31 02:21:41'),(160,32,NULL,4,13,1,'2020-04-11 23:31:02'),(161,33,'minbox',5,14,2,'2021-01-14 11:47:43'),(162,34,'instagram',6,15,3,'2020-07-29 13:33:54'),(163,35,'vk ads',1,16,1,'2020-07-09 19:12:43'),(164,36,'google',2,17,2,'2020-03-04 22:10:12'),(165,37,'avito',3,18,3,'2021-01-22 18:49:38'),(166,38,NULL,4,19,1,'2020-04-26 17:17:22'),(167,39,'minbox',5,20,2,'2020-10-08 01:11:04'),(168,40,'instagram',6,21,3,'2020-12-31 08:06:22'),(169,41,'vk ads',1,1,1,'2020-03-30 09:50:34'),(170,42,'google',2,2,2,'2020-03-06 21:25:27'),(171,43,'forum.ru',3,3,3,'2020-09-19 19:18:30'),(172,44,NULL,4,4,1,'2020-09-05 14:09:29'),(173,45,'minbox',5,5,2,'2020-06-25 04:05:58'),(174,46,'drive2',6,6,3,'2020-06-12 15:58:18'),(175,47,'market.yandex',1,7,1,'2020-03-04 22:55:18'),(176,48,'google',2,8,2,'2020-08-11 10:36:23'),(177,49,'forum.ru',3,9,3,'2020-11-05 09:19:03'),(178,50,NULL,4,10,1,'2020-11-19 04:18:32'),(179,51,'minbox',5,11,2,'2020-08-11 04:15:52'),(180,52,'drive2',6,12,3,'2020-02-16 09:08:45'),(181,53,'market.yandex',1,13,1,'2020-04-18 22:31:40'),(182,54,'google',2,14,2,'2020-10-01 09:45:27'),(183,55,'forum.ru',3,15,3,'2020-09-27 08:08:29'),(184,56,NULL,4,16,1,'2021-01-29 00:39:12'),(185,57,'minbox',5,17,2,'2020-07-16 05:21:48'),(186,58,'drive2',6,18,3,'2021-01-07 22:56:25'),(187,59,'market.yandex',1,19,1,'2020-10-11 18:11:02'),(188,60,'google',2,20,2,'2020-08-03 11:52:47'),(189,61,'forum.ru',3,21,3,'2020-09-04 07:46:22'),(190,62,NULL,4,1,1,'2020-11-14 11:54:27');
/*!40000 ALTER TABLE `visit` ENABLE KEYS */;
UNLOCK TABLES;

--
-- Final view structure for view `all_data`
--

/*!50001 DROP VIEW IF EXISTS `all_data`*/;
/*!50001 SET @saved_cs_client          = @@character_set_client */;
/*!50001 SET @saved_cs_results         = @@character_set_results */;
/*!50001 SET @saved_col_connection     = @@collation_connection */;
/*!50001 SET character_set_client      = utf8mb4 */;
/*!50001 SET character_set_results     = utf8mb4 */;
/*!50001 SET collation_connection      = utf8mb4_0900_ai_ci */;
/*!50001 CREATE ALGORITHM=UNDEFINED */
/*!50013 DEFINER=`root`@`localhost` SQL SECURITY DEFINER */
/*!50001 VIEW `all_data` AS select distinct `chanel_type`.`name` AS `visit_chanel`,`visit`.`source` AS `visit_source`,`visit`.`user_id` AS `visit_user_id`,`visit`.`id` AS `visit_id`,`city`.`country_name` AS `visit_country`,`city`.`country_name` AS `visit_city`,`gender_type`.`name` AS `gender`,count(`hit`.`id`) OVER (PARTITION BY `hit`.`visit_id` )  AS `page_per_visit`,sec_to_time(sum(`hit`.`time_on_page`) OVER (PARTITION BY `hit`.`visit_id` ) ) AS `visit_time`,`orders`.`id` AS `order_id`,((select sum(`order_content`.`revenue`) from `order_content` where (`order_content`.`order_id` = `orders`.`id`)) DIV (select sum(`order_content`.`total`) from `order_content` where (`order_content`.`order_id` = `orders`.`id`))) AS `avg_bill`,(select sum(`order_content`.`total`) from `order_content` where (`order_content`.`order_id` = `orders`.`id`)) AS `total_product`,(select sum(`order_content`.`revenue`) from `order_content` where (`order_content`.`order_id` = `orders`.`id`)) AS `revenue` from (((((((`hit` left join `visit` on((`hit`.`visit_id` = `visit`.`id`))) left join `city` on((`visit`.`city_id` = `city`.`id`))) left join `users` on((`users`.`id` = `visit`.`user_id`))) left join `gender_type` on((`users`.`gender_id` = `gender_type`.`id`))) left join `chanel_type` on((`visit`.`chanel_type_id` = `chanel_type`.`id`))) left join `orders` on((`visit`.`id` = `orders`.`visit_id`))) left join `order_content` on((`orders`.`id` = `order_content`.`order_id`))) order by `order_id` desc */;
/*!50001 SET character_set_client      = @saved_cs_client */;
/*!50001 SET character_set_results     = @saved_cs_results */;
/*!50001 SET collation_connection      = @saved_col_connection */;

--
-- Final view structure for view `all_orders`
--

/*!50001 DROP VIEW IF EXISTS `all_orders`*/;
/*!50001 SET @saved_cs_client          = @@character_set_client */;
/*!50001 SET @saved_cs_results         = @@character_set_results */;
/*!50001 SET @saved_col_connection     = @@collation_connection */;
/*!50001 SET character_set_client      = utf8mb4 */;
/*!50001 SET character_set_results     = utf8mb4 */;
/*!50001 SET collation_connection      = utf8mb4_0900_ai_ci */;
/*!50001 CREATE ALGORITHM=UNDEFINED */
/*!50013 DEFINER=`root`@`localhost` SQL SECURITY DEFINER */
/*!50001 VIEW `all_orders` AS select distinct `chanel_type`.`name` AS `chanel`,`visit`.`source` AS `source`,`orders`.`id` AS `order_id`,`orders`.`created_at` AS `order_date`,sum(`order_content`.`total`) OVER (PARTITION BY `orders`.`id` )  AS `avg_bill`,sum(`order_content`.`revenue`) OVER (PARTITION BY `orders`.`id` )  AS `reuvenue` from (((`orders` left join `order_content` on((`orders`.`id` = `order_content`.`order_id`))) left join `visit` on((`orders`.`id` = `visit`.`id`))) left join `chanel_type` on((`visit`.`chanel_type_id` = `chanel_type`.`id`))) */;
/*!50001 SET character_set_client      = @saved_cs_client */;
/*!50001 SET character_set_results     = @saved_cs_results */;
/*!50001 SET collation_connection      = @saved_col_connection */;
/*!40103 SET TIME_ZONE=@OLD_TIME_ZONE */;

/*!40101 SET SQL_MODE=@OLD_SQL_MODE */;
/*!40014 SET FOREIGN_KEY_CHECKS=@OLD_FOREIGN_KEY_CHECKS */;
/*!40014 SET UNIQUE_CHECKS=@OLD_UNIQUE_CHECKS */;
/*!40101 SET CHARACTER_SET_CLIENT=@OLD_CHARACTER_SET_CLIENT */;
/*!40101 SET CHARACTER_SET_RESULTS=@OLD_CHARACTER_SET_RESULTS */;
/*!40101 SET COLLATION_CONNECTION=@OLD_COLLATION_CONNECTION */;
/*!40111 SET SQL_NOTES=@OLD_SQL_NOTES */;

-- Dump completed on 2021-02-09 19:38:23
